UserID,DestinationID,ExperienceRating,NumberOfAdults,NumberOfChildren,Popularity,Adventure,Beaches,City,Historical,Nature,Month_sin,Month_cos,Gender_Female,Gender_Male,Type_Adventure,Type_Beach,Type_City,Type_Historical,Type_Nature
525,3,3,1.0,1.0,0.42483605378184874,0,0,1,1,0,0.0,1.0000000000000002,1.0,0.0,1.0,0.0,0.0,0.0,0.0
184,0,5,0.0,1.0,0.7435568532374579,0,1,0,1,0,0.7320508075688773,0.5773502691896258,0.0,1.0,0.0,1.0,0.0,0.0,0.0
897,4,2,0.0,1.0,0.44339249797223035,0,0,1,1,0,1.0,0.0,1.0,0.0,0.0,0.0,0.0,1.0,0.0
470,3,1,1.0,0.5,0.20993620048233286,1,0,0,0,1,0.0,1.0000000000000002,0.0,1.0,1.0,0.0,0.0,0.0,0.0
989,2,4,1.0,0.5,0.9545610439200156,1,0,0,0,1,0.7320508075688773,0.5773502691896258,0.0,1.0,0.0,0.0,0.0,0.0,1.0
266,2,3,1.0,0.5,0.691634434891808,1,0,0,0,1,1.0,0.0,0.0,1.0,0.0,0.0,0.0,0.0,1.0
399,1,2,0.0,0.5,0.4094092565534253,0,0,1,1,0,0.0,1.0000000000000002,0.0,1.0,0.0,0.0,1.0,0.0,0.0
869,4,4,0.0,0.5,0.2201881566476418,1,0,0,0,1,0.7320508075688773,0.5773502691896258,0.0,1.0,0.0,0.0,0.0,1.0,0.0
580,3,1,0.0,0.0,0.11955010022224988,0,1,0,1,0,1.0,0.0,1.0,0.0,1.0,0.0,0.0,0.0,0.0
876,0,4,1.0,1.0,0.10519031397088252,0,0,1,1,0,0.0,1.0000000000000002,0.0,1.0,0.0,1.0,0.0,0.0,0.0
522,0,2,1.0,0.0,0.6906368552004749,0,0,1,1,0,0.7320508075688773,0.5773502691896258,1.0,0.0,0.0,1.0,0.0,0.0,0.0
989,2,4,1.0,0.5,0.6800979975676316,1,0,0,0,1,1.0,0.0,0.0,1.0,0.0,0.0,0.0,0.0,1.0
469,3,3,1.0,0.0,0.44994389621551933,0,1,0,1,0,0.0,1.0000000000000002,0.0,1.0,1.0,0.0,0.0,0.0,0.0
46,0,1,1.0,0.5,0.2795711544125221,0,1,0,1,0,0.7320508075688773,0.5773502691896258,1.0,0.0,0.0,1.0,0.0,0.0,0.0
98,0,5,1.0,0.0,0.7981298291368604,1,0,0,0,1,1.0,0.0,0.0,1.0,0.0,1.0,0.0,0.0,0.0
45,3,4,1.0,0.0,0.1486613449738141,0,0,1,1,0,0.0,1.0000000000000002,1.0,0.0,1.0,0.0,0.0,0.0,0.0
424,1,2,0.0,0.0,0.43666679419761456,0,1,0,1,0,0.7320508075688773,0.5773502691896258,1.0,0.0,0.0,0.0,1.0,0.0,0.0
352,2,5,0.0,0.0,0.1543738855944281,0,1,0,1,0,1.0,0.0,1.0,0.0,0.0,0.0,0.0,0.0,1.0
330,1,3,1.0,0.5,0.8661130647180673,0,0,1,1,0,0.0,1.0000000000000002,1.0,0.0,0.0,0.0,1.0,0.0,0.0
76,3,2,1.0,0.0,0.17920616028739156,0,1,0,1,0,0.7320508075688773,0.5773502691896258,1.0,0.0,1.0,0.0,0.0,0.0,0.0
501,3,1,1.0,0.0,0.13390155366294776,0,0,1,1,0,1.0,0.0,0.0,1.0,1.0,0.0,0.0,0.0,0.0
609,1,1,1.0,1.0,0.7739871314018507,0,0,1,1,0,0.0,1.0000000000000002,1.0,0.0,0.0,0.0,1.0,0.0,0.0
276,4,4,0.0,1.0,0.5459965233180148,0,0,1,1,0,0.7320508075688773,0.5773502691896258,0.0,1.0,0.0,0.0,0.0,1.0,0.0
752,3,3,0.0,1.0,0.916404758737253,1,0,0,0,1,1.0,0.0,0.0,1.0,1.0,0.0,0.0,0.0,0.0
81,3,3,0.0,1.0,0.453884999241009,0,0,1,1,0,0.0,1.0000000000000002,1.0,0.0,1.0,0.0,0.0,0.0,0.0
290,2,2,1.0,0.5,0.967289958496584,1,0,0,0,1,0.7320508075688773,0.5773502691896258,1.0,0.0,0.0,0.0,0.0,0.0,1.0
422,4,2,0.0,0.0,0.3028175212255255,1,0,0,0,1,1.0,0.0,1.0,0.0,0.0,0.0,0.0,1.0,0.0
129,4,3,1.0,0.5,0.03268799758925267,0,0,1,1,0,0.0,1.0000000000000002,0.0,1.0,0.0,0.0,0.0,1.0,0.0
324,1,5,0.0,0.5,0.9793899691520092,0,0,1,1,0,0.7320508075688773,0.5773502691896258,0.0,1.0,0.0,0.0,1.0,0.0,0.0
421,3,3,1.0,0.5,0.7776931111797851,0,1,0,1,0,1.0,0.0,1.0,0.0,1.0,0.0,0.0,0.0,0.0
2,3,5,1.0,1.0,0.27399435055324295,1,0,0,0,1,0.0,1.0000000000000002,0.0,1.0,1.0,0.0,0.0,0.0,0.0
476,2,1,0.0,0.0,0.9836296251059742,1,0,0,0,1,0.7320508075688773,0.5773502691896258,1.0,0.0,0.0,0.0,0.0,0.0,1.0
260,1,2,0.0,0.0,0.8661130647180673,1,0,0,0,1,1.0,0.0,1.0,0.0,0.0,0.0,1.0,0.0,0.0
878,0,1,0.0,1.0,0.48156997212177854,1,0,0,0,1,0.0,1.0000000000000002,1.0,0.0,0.0,1.0,0.0,0.0,0.0
951,2,4,0.0,1.0,0.372924699890159,0,0,1,1,0,0.7320508075688773,0.5773502691896258,0.0,1.0,0.0,0.0,0.0,0.0,1.0
688,4,5,1.0,0.5,0.8199358949670557,0,1,0,1,0,1.0,0.0,1.0,0.0,0.0,0.0,0.0,1.0,0.0
902,4,4,1.0,1.0,0.9335397716843752,1,0,0,0,1,0.0,1.0000000000000002,1.0,0.0,0.0,0.0,0.0,1.0,0.0
533,2,3,0.0,0.5,0.5757355781603128,1,0,0,0,1,0.7320508075688773,0.5773502691896258,1.0,0.0,0.0,0.0,0.0,0.0,1.0
234,2,2,0.0,0.0,0.8705133106512899,0,0,1,1,0,1.0,0.0,0.0,1.0,0.0,0.0,0.0,0.0,1.0
9,2,2,1.0,0.0,0.7758431779455095,0,0,1,1,0,0.0,1.0000000000000002,1.0,0.0,0.0,0.0,0.0,0.0,1.0
781,2,3,0.0,0.0,0.7569579452400155,0,1,0,1,0,0.7320508075688773,0.5773502691896258,1.0,0.0,0.0,0.0,0.0,0.0,1.0
739,2,3,1.0,0.5,0.7625093045291149,0,1,0,1,0,1.0,0.0,0.0,1.0,0.0,0.0,0.0,0.0,1.0
649,4,2,1.0,0.5,0.06951650538778953,0,1,0,1,0,0.0,1.0000000000000002,0.0,1.0,0.0,0.0,0.0,1.0,0.0
463,3,5,0.0,1.0,0.6552623045567114,0,1,0,1,0,0.7320508075688773,0.5773502691896258,0.0,1.0,1.0,0.0,0.0,0.0,0.0
631,2,2,0.0,1.0,0.691634434891808,0,1,0,1,0,1.0,0.0,1.0,0.0,0.0,0.0,0.0,0.0,1.0
708,0,4,0.0,0.5,0.3148607475610281,0,0,1,1,0,0.0,1.0000000000000002,0.0,1.0,0.0,1.0,0.0,0.0,0.0
891,4,3,0.0,0.5,0.8716429519722539,0,0,1,1,0,0.7320508075688773,0.5773502691896258,0.0,1.0,0.0,0.0,0.0,1.0,0.0
488,0,2,0.0,0.0,0.7435568532374579,1,0,0,0,1,1.0,0.0,1.0,0.0,0.0,1.0,0.0,0.0,0.0
554,1,1,0.0,1.0,0.8869296794566366,1,0,0,0,1,0.0,1.0000000000000002,1.0,0.0,0.0,0.0,1.0,0.0,0.0
957,2,1,0.0,0.0,0.8945407374648222,0,0,1,1,0,0.7320508075688773,0.5773502691896258,1.0,0.0,0.0,0.0,0.0,0.0,1.0
296,1,5,0.0,0.0,0.25512464820971426,1,0,0,0,1,1.0,0.0,0.0,1.0,0.0,0.0,1.0,0.0,0.0
295,4,1,0.0,0.0,0.9483541521959924,0,1,0,1,0,0.0,1.0000000000000002,0.0,1.0,0.0,0.0,0.0,1.0,0.0
234,0,2,0.0,0.0,0.9566570412533832,0,0,1,1,0,0.7320508075688773,0.5773502691896258,0.0,1.0,0.0,1.0,0.0,0.0,0.0
306,1,3,1.0,0.5,0.7179080415317132,0,0,1,1,0,1.0,0.0,1.0,0.0,0.0,0.0,1.0,0.0,0.0
18,1,1,0.0,0.0,0.2257504881449397,0,0,1,1,0,0.0,1.0000000000000002,0.0,1.0,0.0,0.0,1.0,0.0,0.0
297,2,2,0.0,0.5,0.24428677969746415,0,0,1,1,0,0.7320508075688773,0.5773502691896258,0.0,1.0,0.0,0.0,0.0,0.0,1.0
882,2,1,0.0,0.5,0.04245256070957071,0,0,1,1,0,1.0,0.0,0.0,1.0,0.0,0.0,0.0,0.0,1.0
809,4,1,0.0,1.0,0.8065733562128057,1,0,0,0,1,0.0,1.0000000000000002,0.0,1.0,0.0,0.0,0.0,1.0,0.0
591,1,1,0.0,0.5,0.43666679419761456,0,0,1,1,0,0.7320508075688773,0.5773502691896258,0.0,1.0,0.0,0.0,1.0,0.0,0.0
65,2,3,1.0,0.5,0.7183404174545491,1,0,0,0,1,1.0,0.0,1.0,0.0,0.0,0.0,0.0,0.0,1.0
290,0,1,1.0,0.5,0.5379617395189134,1,0,0,0,1,0.0,1.0000000000000002,1.0,0.0,0.0,1.0,0.0,0.0,0.0
217,1,2,0.0,0.5,0.3498833067729241,0,1,0,1,0,0.7320508075688773,0.5773502691896258,0.0,1.0,0.0,0.0,1.0,0.0,0.0
977,3,3,0.0,0.5,0.6889000302618427,1,0,0,0,1,1.0,0.0,0.0,1.0,1.0,0.0,0.0,0.0,0.0
859,3,3,1.0,0.5,0.4702276380752024,0,1,0,1,0,0.0,1.0000000000000002,0.0,1.0,1.0,0.0,0.0,0.0,0.0
29,3,3,1.0,0.0,0.2877736890644198,1,0,0,0,1,0.7320508075688773,0.5773502691896258,1.0,0.0,1.0,0.0,0.0,0.0,0.0
747,3,4,0.0,0.0,0.20993620048233286,0,0,1,1,0,1.0,0.0,1.0,0.0,1.0,0.0,0.0,0.0,0.0
61,2,5,1.0,1.0,0.5333068949316586,0,1,0,1,0,0.0,1.0000000000000002,0.0,1.0,0.0,0.0,0.0,0.0,1.0
906,3,4,0.0,0.5,0.0657718759909609,0,0,1,1,0,0.7320508075688773,0.5773502691896258,0.0,1.0,1.0,0.0,0.0,0.0,0.0
442,1,3,0.0,0.0,0.5910000005642266,0,1,0,1,0,1.0,0.0,1.0,0.0,0.0,0.0,1.0,0.0,0.0
450,2,5,0.0,1.0,0.3313540063716949,0,0,1,1,0,0.0,1.0000000000000002,1.0,0.0,0.0,0.0,0.0,0.0,1.0
18,0,1,0.0,0.0,0.1377269507680574,0,0,1,1,0,0.7320508075688773,0.5773502691896258,0.0,1.0,0.0,1.0,0.0,0.0,0.0
446,3,3,1.0,1.0,0.9337870615692689,1,0,0,0,1,1.0,0.0,1.0,0.0,1.0,0.0,0.0,0.0,0.0
222,1,4,0.0,0.5,0.7179080415317132,0,0,1,1,0,0.0,1.0000000000000002,0.0,1.0,0.0,0.0,1.0,0.0,0.0
852,2,5,1.0,1.0,0.5849396834251936,0,0,1,1,0,0.7320508075688773,0.5773502691896258,0.0,1.0,0.0,0.0,0.0,0.0,1.0
328,1,4,1.0,0.0,0.9283247374449064,0,1,0,1,0,1.0,0.0,1.0,0.0,0.0,0.0,1.0,0.0,0.0
537,2,5,1.0,0.0,0.35269814314355363,0,0,1,1,0,0.0,1.0000000000000002,0.0,1.0,0.0,0.0,0.0,0.0,1.0
431,4,4,0.0,0.5,0.15825365062677044,1,0,0,0,1,0.7320508075688773,0.5773502691896258,0.0,1.0,0.0,0.0,0.0,1.0,0.0
423,2,4,0.0,1.0,0.967289958496584,0,0,1,1,0,1.0,0.0,0.0,1.0,0.0,0.0,0.0,0.0,1.0
327,3,3,0.0,0.5,0.6824596836232817,0,0,1,1,0,0.0,1.0000000000000002,1.0,0.0,1.0,0.0,0.0,0.0,0.0
628,4,5,0.0,1.0,0.5950138409510299,0,1,0,1,0,0.7320508075688773,0.5773502691896258,1.0,0.0,0.0,0.0,0.0,1.0,0.0
834,3,2,1.0,0.5,0.4583584735099131,0,0,1,1,0,1.0,0.0,0.0,1.0,1.0,0.0,0.0,0.0,0.0
303,2,1,1.0,1.0,0.623849806587994,0,0,1,1,0,0.0,1.0000000000000002,1.0,0.0,0.0,0.0,0.0,0.0,1.0
636,2,5,1.0,1.0,0.461994613661981,0,0,1,1,0,0.7320508075688773,0.5773502691896258,1.0,0.0,0.0,0.0,0.0,0.0,1.0
69,0,2,0.0,0.0,0.16932436680404495,0,0,1,1,0,1.0,0.0,0.0,1.0,0.0,1.0,0.0,0.0,0.0
107,3,5,0.0,0.5,0.98036568166069,1,0,0,0,1,0.0,1.0000000000000002,1.0,0.0,1.0,0.0,0.0,0.0,0.0
866,2,2,1.0,1.0,0.9640087577493675,1,0,0,0,1,0.7320508075688773,0.5773502691896258,0.0,1.0,0.0,0.0,0.0,0.0,1.0
60,3,4,1.0,0.5,0.4255904448697234,0,0,1,1,0,1.0,0.0,0.0,1.0,1.0,0.0,0.0,0.0,0.0
461,2,1,0.0,0.0,0.35603368701976246,1,0,0,0,1,0.0,1.0000000000000002,1.0,0.0,0.0,0.0,0.0,0.0,1.0
594,3,3,0.0,0.0,0.7753571854346633,0,0,1,1,0,0.7320508075688773,0.5773502691896258,1.0,0.0,1.0,0.0,0.0,0.0,0.0
344,3,4,1.0,0.5,0.4882965397321617,1,0,0,0,1,1.0,0.0,0.0,1.0,1.0,0.0,0.0,0.0,0.0
331,1,2,0.0,1.0,0.3882261863063712,0,1,0,1,0,0.0,1.0000000000000002,0.0,1.0,0.0,0.0,1.0,0.0,0.0
855,4,5,0.0,0.5,0.40915752081755175,0,0,1,1,0,0.7320508075688773,0.5773502691896258,1.0,0.0,0.0,0.0,0.0,1.0,0.0
44,3,2,1.0,1.0,0.057404476752452194,1,0,0,0,1,1.0,0.0,0.0,1.0,1.0,0.0,0.0,0.0,0.0
291,3,1,1.0,0.5,0.7218012632977966,0,0,1,1,0,0.0,1.0000000000000002,0.0,1.0,1.0,0.0,0.0,0.0,0.0
34,4,5,0.0,1.0,0.10452869297973866,0,1,0,1,0,0.7320508075688773,0.5773502691896258,1.0,0.0,0.0,0.0,0.0,1.0,0.0
77,1,5,1.0,0.0,0.9051017862812816,1,0,0,0,1,1.0,0.0,0.0,1.0,0.0,0.0,1.0,0.0,0.0
976,4,5,0.0,0.5,0.9209711694136904,0,1,0,1,0,0.0,1.0000000000000002,0.0,1.0,0.0,0.0,0.0,1.0,0.0
556,0,2,0.0,0.0,0.6309310688035503,0,1,0,1,0,0.7320508075688773,0.5773502691896258,0.0,1.0,0.0,1.0,0.0,0.0,0.0
671,2,2,1.0,1.0,0.08728364547330703,1,0,0,0,1,1.0,0.0,0.0,1.0,0.0,0.0,0.0,0.0,1.0
88,2,1,1.0,0.5,0.7509759202847399,0,1,0,1,0,0.0,1.0000000000000002,0.0,1.0,0.0,0.0,0.0,0.0,1.0
934,4,2,1.0,1.0,0.4134003625109277,0,1,0,1,0,0.7320508075688773,0.5773502691896258,1.0,0.0,0.0,0.0,0.0,1.0,0.0
653,1,5,1.0,0.5,0.46235525211200157,1,0,0,0,1,1.0,0.0,0.0,1.0,0.0,0.0,1.0,0.0,0.0
676,2,5,1.0,0.0,0.8527709684660141,0,1,0,1,0,0.0,1.0000000000000002,0.0,1.0,0.0,0.0,0.0,0.0,1.0
411,3,1,1.0,1.0,0.6396106208581807,0,0,1,1,0,0.7320508075688773,0.5773502691896258,0.0,1.0,1.0,0.0,0.0,0.0,0.0
323,0,2,1.0,0.5,0.8988695814346364,1,0,0,0,1,1.0,0.0,0.0,1.0,0.0,1.0,0.0,0.0,0.0
756,4,1,0.0,1.0,0.3211674020327755,0,0,1,1,0,0.0,1.0000000000000002,0.0,1.0,0.0,0.0,0.0,1.0,0.0
686,3,5,1.0,1.0,0.2941211530722403,1,0,0,0,1,0.7320508075688773,0.5773502691896258,0.0,1.0,1.0,0.0,0.0,0.0,0.0
941,4,4,1.0,1.0,0.25863587864658966,1,0,0,0,1,1.0,0.0,0.0,1.0,0.0,0.0,0.0,1.0,0.0
899,2,1,0.0,0.5,0.8800383087931878,1,0,0,0,1,0.0,1.0000000000000002,1.0,0.0,0.0,0.0,0.0,0.0,1.0
544,0,4,0.0,0.5,0.887941317474914,0,1,0,1,0,0.7320508075688773,0.5773502691896258,1.0,0.0,0.0,1.0,0.0,0.0,0.0
132,2,5,1.0,1.0,0.8481069791220599,0,0,1,1,0,1.0,0.0,1.0,0.0,0.0,0.0,0.0,0.0,1.0
890,3,4,0.0,0.0,0.634089229548517,1,0,0,0,1,0.0,1.0000000000000002,0.0,1.0,1.0,0.0,0.0,0.0,0.0
944,4,4,1.0,0.0,0.7180216383812206,1,0,0,0,1,0.7320508075688773,0.5773502691896258,1.0,0.0,0.0,0.0,0.0,1.0,0.0
438,3,1,1.0,0.0,0.4702276380752024,0,0,1,1,0,1.0,0.0,1.0,0.0,1.0,0.0,0.0,0.0,0.0
524,4,5,1.0,1.0,0.5459965233180148,1,0,0,0,1,0.0,1.0000000000000002,1.0,0.0,0.0,0.0,0.0,1.0,0.0
160,4,1,1.0,1.0,0.7416326058186953,0,1,0,1,0,0.7320508075688773,0.5773502691896258,1.0,0.0,0.0,0.0,0.0,1.0,0.0
288,1,3,0.0,0.5,0.5156788764538569,0,0,1,1,0,1.0,0.0,1.0,0.0,0.0,0.0,1.0,0.0,0.0
363,0,2,0.0,0.0,0.7496316677781407,0,0,1,1,0,0.0,1.0000000000000002,1.0,0.0,0.0,1.0,0.0,0.0,0.0
35,4,5,1.0,0.5,0.6368209751306524,1,0,0,0,1,0.7320508075688773,0.5773502691896258,0.0,1.0,0.0,0.0,0.0,1.0,0.0
316,0,5,1.0,0.0,0.12056945297255028,0,1,0,1,0,1.0,0.0,1.0,0.0,0.0,1.0,0.0,0.0,0.0
239,0,4,1.0,0.0,0.0,1,0,0,0,1,0.0,1.0000000000000002,0.0,1.0,0.0,1.0,0.0,0.0,0.0
948,3,3,0.0,0.0,0.7189536897696569,0,0,1,1,0,0.7320508075688773,0.5773502691896258,0.0,1.0,1.0,0.0,0.0,0.0,0.0
343,1,3,1.0,0.5,0.622222573893715,0,1,0,1,0,1.0,0.0,1.0,0.0,0.0,0.0,1.0,0.0,0.0
50,4,2,1.0,0.0,0.9108182158223443,1,0,0,0,1,0.0,1.0000000000000002,1.0,0.0,0.0,0.0,0.0,1.0,0.0
78,4,4,0.0,0.0,0.8775129954157586,0,0,1,1,0,0.7320508075688773,0.5773502691896258,0.0,1.0,0.0,0.0,0.0,1.0,0.0
563,1,3,1.0,1.0,0.5383123577477273,1,0,0,0,1,1.0,0.0,0.0,1.0,0.0,0.0,1.0,0.0,0.0
805,1,3,0.0,1.0,0.8646086338040839,0,1,0,1,0,0.0,1.0000000000000002,0.0,1.0,0.0,0.0,1.0,0.0,0.0
462,1,2,0.0,0.5,0.7666316509355826,0,0,1,1,0,0.7320508075688773,0.5773502691896258,0.0,1.0,0.0,0.0,1.0,0.0,0.0
762,2,1,1.0,0.0,0.4347880653832088,0,0,1,1,0,1.0,0.0,1.0,0.0,0.0,0.0,0.0,0.0,1.0
129,2,2,1.0,0.5,0.43693719233722605,0,0,1,1,0,0.0,1.0000000000000002,0.0,1.0,0.0,0.0,0.0,0.0,1.0
404,0,3,0.0,1.0,0.30998471386380766,1,0,0,0,1,0.7320508075688773,0.5773502691896258,0.0,1.0,0.0,1.0,0.0,0.0,0.0
155,0,5,0.0,0.5,0.8436083320733929,1,0,0,0,1,1.0,0.0,0.0,1.0,0.0,1.0,0.0,0.0,0.0
944,2,4,1.0,0.0,0.7152952880242309,1,0,0,0,1,0.0,1.0000000000000002,1.0,0.0,0.0,0.0,0.0,0.0,1.0
148,4,2,1.0,0.5,0.5662319618396654,0,1,0,1,0,0.7320508075688773,0.5773502691896258,0.0,1.0,0.0,0.0,0.0,1.0,0.0
119,0,4,1.0,0.0,0.273851823566694,1,0,0,0,1,1.0,0.0,0.0,1.0,0.0,1.0,0.0,0.0,0.0
356,1,2,0.0,0.5,0.346138879534426,1,0,0,0,1,0.0,1.0000000000000002,0.0,1.0,0.0,0.0,1.0,0.0,0.0
596,4,5,0.0,0.5,0.41108473942760027,1,0,0,0,1,0.7320508075688773,0.5773502691896258,1.0,0.0,0.0,0.0,0.0,1.0,0.0
850,4,1,1.0,0.0,0.6762990127508117,0,1,0,1,0,1.0,0.0,0.0,1.0,0.0,0.0,0.0,1.0,0.0
975,1,3,0.0,0.0,0.1501339675824389,0,0,1,1,0,0.0,1.0000000000000002,1.0,0.0,0.0,0.0,1.0,0.0,0.0
759,2,1,1.0,0.5,0.954667969190035,0,0,1,1,0,0.7320508075688773,0.5773502691896258,1.0,0.0,0.0,0.0,0.0,0.0,1.0
298,0,4,0.0,1.0,0.8099681848138665,0,1,0,1,0,1.0,0.0,1.0,0.0,0.0,1.0,0.0,0.0,0.0
367,4,4,0.0,0.0,0.38453007640102,0,1,0,1,0,0.0,1.0000000000000002,1.0,0.0,0.0,0.0,0.0,1.0,0.0
904,2,5,0.0,0.0,0.09133864344587383,0,1,0,1,0,0.7320508075688773,0.5773502691896258,0.0,1.0,0.0,0.0,0.0,0.0,1.0
750,4,2,0.0,1.0,0.2650597314765091,0,0,1,1,0,1.0,0.0,0.0,1.0,0.0,0.0,0.0,1.0,0.0
256,0,3,1.0,0.5,0.8320447978429679,0,1,0,1,0,0.0,1.0000000000000002,0.0,1.0,0.0,1.0,0.0,0.0,0.0
703,0,2,1.0,0.5,0.28211971954186454,0,1,0,1,0,0.7320508075688773,0.5773502691896258,0.0,1.0,0.0,1.0,0.0,0.0,0.0
757,4,2,0.0,0.0,0.38453007640102,0,1,0,1,0,1.0,0.0,0.0,1.0,0.0,0.0,0.0,1.0,0.0
526,3,3,0.0,0.0,0.17264619671254833,0,1,0,1,0,0.0,1.0000000000000002,0.0,1.0,1.0,0.0,0.0,0.0,0.0
480,2,1,1.0,0.0,0.9545610439200156,0,0,1,1,0,0.7320508075688773,0.5773502691896258,1.0,0.0,0.0,0.0,0.0,0.0,1.0
782,3,3,0.0,0.0,0.453884999241009,1,0,0,0,1,1.0,0.0,0.0,1.0,1.0,0.0,0.0,0.0,0.0
874,3,3,1.0,0.0,0.12137769209839222,0,1,0,1,0,0.0,1.0000000000000002,0.0,1.0,1.0,0.0,0.0,0.0,0.0
979,1,2,0.0,1.0,0.047745427613654634,0,1,0,1,0,0.7320508075688773,0.5773502691896258,0.0,1.0,0.0,0.0,1.0,0.0,0.0
851,4,4,1.0,0.0,0.7087983554031401,1,0,0,0,1,1.0,0.0,1.0,0.0,0.0,0.0,0.0,1.0,0.0
823,2,3,0.0,1.0,0.45317457252110893,0,1,0,1,0,0.0,1.0000000000000002,1.0,0.0,0.0,0.0,0.0,0.0,1.0
127,1,3,1.0,1.0,0.8527896907958135,0,1,0,1,0,0.7320508075688773,0.5773502691896258,1.0,0.0,0.0,0.0,1.0,0.0,0.0
250,1,2,0.0,0.0,0.5464052222807552,0,1,0,1,0,1.0,0.0,0.0,1.0,0.0,0.0,1.0,0.0,0.0
392,4,4,1.0,1.0,0.3525928363972759,1,0,0,0,1,0.0,1.0000000000000002,0.0,1.0,0.0,0.0,0.0,1.0,0.0
621,2,5,1.0,0.0,0.5508809351845776,0,0,1,1,0,0.7320508075688773,0.5773502691896258,1.0,0.0,0.0,0.0,0.0,0.0,1.0
204,3,2,0.0,0.0,0.47724625127920506,0,0,1,1,0,1.0,0.0,0.0,1.0,1.0,0.0,0.0,0.0,0.0
814,4,4,0.0,1.0,0.8682058260167538,0,1,0,1,0,0.0,1.0000000000000002,0.0,1.0,0.0,0.0,0.0,1.0,0.0
539,0,4,0.0,1.0,0.693870587502023,1,0,0,0,1,0.7320508075688773,0.5773502691896258,0.0,1.0,0.0,1.0,0.0,0.0,0.0
677,2,2,1.0,0.0,0.8458071307877675,1,0,0,0,1,1.0,0.0,0.0,1.0,0.0,0.0,0.0,0.0,1.0
299,3,2,1.0,0.5,0.9582596919055901,1,0,0,0,1,0.0,1.0000000000000002,1.0,0.0,1.0,0.0,0.0,0.0,0.0
883,4,5,1.0,0.5,0.5288646189489854,0,1,0,1,0,0.7320508075688773,0.5773502691896258,1.0,0.0,0.0,0.0,0.0,1.0,0.0
916,1,1,0.0,1.0,0.5464052222807552,0,1,0,1,0,1.0,0.0,1.0,0.0,0.0,0.0,1.0,0.0,0.0
483,4,1,0.0,0.5,0.5776972917693555,0,0,1,1,0,0.0,1.0000000000000002,1.0,0.0,0.0,0.0,0.0,1.0,0.0
575,4,2,0.0,1.0,0.2954187811851985,1,0,0,0,1,0.7320508075688773,0.5773502691896258,0.0,1.0,0.0,0.0,0.0,1.0,0.0
544,1,5,0.0,0.5,0.7006804965610871,0,1,0,1,0,1.0,0.0,1.0,0.0,0.0,0.0,1.0,0.0,0.0
632,3,1,0.0,0.0,0.9490363950419929,1,0,0,0,1,0.0,1.0000000000000002,0.0,1.0,1.0,0.0,0.0,0.0,0.0
467,2,2,1.0,1.0,0.9836296251059742,1,0,0,0,1,0.7320508075688773,0.5773502691896258,0.0,1.0,0.0,0.0,0.0,0.0,1.0
484,0,4,1.0,0.0,0.7981298291368604,0,1,0,1,0,1.0,0.0,1.0,0.0,0.0,1.0,0.0,0.0,0.0
902,4,2,1.0,1.0,0.88159316494442,1,0,0,0,1,0.0,1.0000000000000002,1.0,0.0,0.0,0.0,0.0,1.0,0.0
15,0,1,0.0,1.0,0.3690367505734664,0,0,1,1,0,0.7320508075688773,0.5773502691896258,0.0,1.0,0.0,1.0,0.0,0.0,0.0
235,4,1,0.0,1.0,0.9654457067760513,0,1,0,1,0,1.0,0.0,0.0,1.0,0.0,0.0,0.0,1.0,0.0
402,0,1,1.0,0.0,0.14775501401171054,0,0,1,1,0,0.0,1.0000000000000002,0.0,1.0,0.0,1.0,0.0,0.0,0.0
792,1,1,0.0,0.0,0.4044651681408866,0,0,1,1,0,0.7320508075688773,0.5773502691896258,0.0,1.0,0.0,0.0,1.0,0.0,0.0
819,2,1,0.0,0.5,0.3417936517757778,0,0,1,1,0,1.0,0.0,1.0,0.0,0.0,0.0,0.0,0.0,1.0
863,3,4,0.0,1.0,0.9490363950419929,1,0,0,0,1,0.0,1.0000000000000002,0.0,1.0,1.0,0.0,0.0,0.0,0.0
436,1,5,0.0,1.0,0.7645022428797481,0,1,0,1,0,0.7320508075688773,0.5773502691896258,1.0,0.0,0.0,0.0,1.0,0.0,0.0
868,2,4,1.0,0.0,0.31541566704559143,0,1,0,1,0,1.0,0.0,1.0,0.0,0.0,0.0,0.0,0.0,1.0
608,2,1,0.0,0.0,0.8636564564343998,1,0,0,0,1,0.0,1.0000000000000002,0.0,1.0,0.0,0.0,0.0,0.0,1.0
146,2,2,0.0,0.5,0.8274536560614476,1,0,0,0,1,0.7320508075688773,0.5773502691896258,1.0,0.0,0.0,0.0,0.0,0.0,1.0
936,2,1,0.0,0.0,0.2571360563081364,0,0,1,1,0,1.0,0.0,0.0,1.0,0.0,0.0,0.0,0.0,1.0
234,2,4,0.0,0.0,0.8060769282018012,0,0,1,1,0,0.0,1.0000000000000002,0.0,1.0,0.0,0.0,0.0,0.0,1.0
672,3,1,1.0,0.0,0.8252301063637861,0,0,1,1,0,0.7320508075688773,0.5773502691896258,1.0,0.0,1.0,0.0,0.0,0.0,0.0
181,2,1,1.0,0.5,0.08688890357071655,0,1,0,1,0,1.0,0.0,0.0,1.0,0.0,0.0,0.0,0.0,1.0
662,0,3,1.0,0.5,0.9690288158867406,1,0,0,0,1,0.0,1.0000000000000002,1.0,0.0,0.0,1.0,0.0,0.0,0.0
742,4,5,1.0,0.5,0.9654457067760513,0,1,0,1,0,0.7320508075688773,0.5773502691896258,1.0,0.0,0.0,0.0,0.0,1.0,0.0
904,4,5,0.0,0.0,0.11206981357405565,0,1,0,1,0,1.0,0.0,0.0,1.0,0.0,0.0,0.0,1.0,0.0
247,4,2,1.0,1.0,0.534904276179716,0,1,0,1,0,0.0,1.0000000000000002,1.0,0.0,0.0,0.0,0.0,1.0,0.0
279,2,5,1.0,1.0,0.7183404174545491,0,0,1,1,0,0.7320508075688773,0.5773502691896258,0.0,1.0,0.0,0.0,0.0,0.0,1.0
51,4,5,0.0,0.5,0.4316083620570619,0,0,1,1,0,1.0,0.0,0.0,1.0,0.0,0.0,0.0,1.0,0.0
180,3,3,0.0,1.0,0.712169836841825,0,0,1,1,0,0.0,1.0000000000000002,1.0,0.0,1.0,0.0,0.0,0.0,0.0
5,3,3,1.0,1.0,0.08690803431966287,1,0,0,0,1,0.7320508075688773,0.5773502691896258,1.0,0.0,1.0,0.0,0.0,0.0,0.0
537,0,2,1.0,0.0,0.039316693881150666,0,0,1,1,0,1.0,0.0,0.0,1.0,0.0,1.0,0.0,0.0,0.0
143,2,1,0.0,0.0,0.45317457252110893,1,0,0,0,1,0.0,1.0000000000000002,0.0,1.0,0.0,0.0,0.0,0.0,1.0
121,3,5,1.0,1.0,0.016544125440390633,0,1,0,1,0,0.7320508075688773,0.5773502691896258,1.0,0.0,1.0,0.0,0.0,0.0,0.0
351,4,1,1.0,1.0,0.5445783323581321,0,0,1,1,0,1.0,0.0,0.0,1.0,0.0,0.0,0.0,1.0,0.0
24,0,4,0.0,1.0,0.21585293811471518,0,0,1,1,0,0.0,1.0000000000000002,0.0,1.0,0.0,1.0,0.0,0.0,0.0
88,1,2,1.0,0.5,0.6026404525585263,0,1,0,1,0,0.7320508075688773,0.5773502691896258,0.0,1.0,0.0,0.0,1.0,0.0,0.0
888,3,2,1.0,0.0,0.453884999241009,0,0,1,1,0,1.0,0.0,1.0,0.0,1.0,0.0,0.0,0.0,0.0
353,2,5,1.0,0.0,0.657088998759289,1,0,0,0,1,0.0,1.0000000000000002,1.0,0.0,0.0,0.0,0.0,0.0,1.0
367,0,4,0.0,0.0,0.9690288158867406,0,1,0,1,0,0.7320508075688773,0.5773502691896258,1.0,0.0,0.0,1.0,0.0,0.0,0.0
593,3,1,0.0,0.0,0.288003402291491,1,0,0,0,1,1.0,0.0,1.0,0.0,1.0,0.0,0.0,0.0,0.0
79,1,4,1.0,0.0,0.6888332162923629,0,1,0,1,0,0.0,1.0000000000000002,0.0,1.0,0.0,0.0,1.0,0.0,0.0
962,3,3,1.0,0.5,0.4882965397321617,1,0,0,0,1,0.7320508075688773,0.5773502691896258,1.0,0.0,1.0,0.0,0.0,0.0,0.0
829,4,1,0.0,0.0,0.09055300931872834,0,1,0,1,0,1.0,0.0,1.0,0.0,0.0,0.0,0.0,1.0,0.0
539,2,1,0.0,1.0,0.9830527899355403,1,0,0,0,1,0.0,1.0000000000000002,0.0,1.0,0.0,0.0,0.0,0.0,1.0
298,4,2,0.0,1.0,0.2201881566476418,0,1,0,1,0,0.7320508075688773,0.5773502691896258,1.0,0.0,0.0,0.0,0.0,1.0,0.0
814,1,5,0.0,1.0,0.7730347613954032,0,1,0,1,0,1.0,0.0,0.0,1.0,0.0,0.0,1.0,0.0,0.0
211,2,3,1.0,1.0,0.5769377533297315,0,1,0,1,0,0.0,1.0000000000000002,1.0,0.0,0.0,0.0,0.0,0.0,1.0
746,0,5,1.0,0.5,0.8392145456719633,1,0,0,0,1,0.7320508075688773,0.5773502691896258,1.0,0.0,0.0,1.0,0.0,0.0,0.0
218,1,1,1.0,1.0,0.056465103496567526,1,0,0,0,1,1.0,0.0,1.0,0.0,0.0,0.0,1.0,0.0,0.0
745,4,3,0.0,1.0,0.9817176230561109,0,1,0,1,0,0.0,1.0000000000000002,1.0,0.0,0.0,0.0,0.0,1.0,0.0
92,0,1,1.0,0.0,0.7802852836185301,1,0,0,0,1,0.7320508075688773,0.5773502691896258,1.0,0.0,0.0,1.0,0.0,0.0,0.0
65,1,1,1.0,0.5,0.09747137681868345,1,0,0,0,1,1.0,0.0,1.0,0.0,0.0,0.0,1.0,0.0,0.0
653,0,4,1.0,0.5,0.8220596327843466,1,0,0,0,1,0.0,1.0000000000000002,0.0,1.0,0.0,1.0,0.0,0.0,0.0
365,0,3,0.0,0.5,0.9566570412533832,1,0,0,0,1,0.7320508075688773,0.5773502691896258,0.0,1.0,0.0,1.0,0.0,0.0,0.0
724,4,5,1.0,1.0,0.11729858476979471,0,1,0,1,0,1.0,0.0,1.0,0.0,0.0,0.0,0.0,1.0,0.0
530,0,4,1.0,0.0,0.5316698151648134,1,0,0,0,1,0.0,1.0000000000000002,1.0,0.0,0.0,1.0,0.0,0.0,0.0
747,3,5,0.0,0.0,0.9439688365803511,0,0,1,1,0,0.7320508075688773,0.5773502691896258,1.0,0.0,1.0,0.0,0.0,0.0,0.0
723,3,2,0.0,1.0,0.15307853106085245,0,0,1,1,0,1.0,0.0,1.0,0.0,1.0,0.0,0.0,0.0,0.0
71,3,4,1.0,1.0,0.21501348847190727,1,0,0,0,1,0.0,1.0000000000000002,1.0,0.0,1.0,0.0,0.0,0.0,0.0
954,1,5,1.0,1.0,0.7133732438948193,0,0,1,1,0,0.7320508075688773,0.5773502691896258,0.0,1.0,0.0,0.0,1.0,0.0,0.0
474,2,1,1.0,1.0,0.5366605679478469,0,0,1,1,0,1.0,0.0,0.0,1.0,0.0,0.0,0.0,0.0,1.0
606,0,2,1.0,1.0,0.9566570412533832,0,0,1,1,0,0.0,1.0000000000000002,1.0,0.0,0.0,1.0,0.0,0.0,0.0
123,2,2,1.0,0.5,0.25633741916304364,0,0,1,1,0,0.7320508075688773,0.5773502691896258,1.0,0.0,0.0,0.0,0.0,0.0,1.0
799,2,4,0.0,1.0,0.8945407374648222,0,1,0,1,0,1.0,0.0,1.0,0.0,0.0,0.0,0.0,0.0,1.0
869,0,2,0.0,0.5,0.8220596327843466,1,0,0,0,1,0.0,1.0000000000000002,0.0,1.0,0.0,1.0,0.0,0.0,0.0
218,2,3,1.0,1.0,0.4294470187295931,1,0,0,0,1,0.7320508075688773,0.5773502691896258,1.0,0.0,0.0,0.0,0.0,0.0,1.0
67,1,4,0.0,0.0,0.9985512804147105,0,1,0,1,0,1.0,0.0,1.0,0.0,0.0,0.0,1.0,0.0,0.0
786,0,5,1.0,0.5,0.6767507285936936,0,0,1,1,0,0.0,1.0000000000000002,1.0,0.0,0.0,1.0,0.0,0.0,0.0
335,4,2,1.0,1.0,0.07239453065390933,1,0,0,0,1,0.7320508075688773,0.5773502691896258,1.0,0.0,0.0,0.0,0.0,1.0,0.0
429,0,4,0.0,0.0,0.518519745459304,0,0,1,1,0,1.0,0.0,1.0,0.0,0.0,1.0,0.0,0.0,0.0
931,0,1,0.0,0.0,0.4202236036934459,0,1,0,1,0,0.0,1.0000000000000002,0.0,1.0,0.0,1.0,0.0,0.0,0.0
846,2,2,0.0,1.0,0.9545610439200156,0,0,1,1,0,0.7320508075688773,0.5773502691896258,0.0,1.0,0.0,0.0,0.0,0.0,1.0
904,4,1,0.0,0.0,0.47401229240173093,0,1,0,1,0,1.0,0.0,0.0,1.0,0.0,0.0,0.0,1.0,0.0
359,2,4,1.0,0.5,0.8236651977793765,1,0,0,0,1,0.0,1.0000000000000002,0.0,1.0,0.0,0.0,0.0,0.0,1.0
888,3,4,1.0,0.0,0.2742301045294586,0,0,1,1,0,0.7320508075688773,0.5773502691896258,1.0,0.0,1.0,0.0,0.0,0.0,0.0
413,2,1,1.0,1.0,0.12208560652064104,1,0,0,0,1,1.0,0.0,1.0,0.0,0.0,0.0,0.0,0.0,1.0
594,0,1,0.0,0.0,0.5962996551360118,0,0,1,1,0,0.0,1.0000000000000002,1.0,0.0,0.0,1.0,0.0,0.0,0.0
443,0,2,1.0,0.5,0.04458867995638993,1,0,0,0,1,0.7320508075688773,0.5773502691896258,0.0,1.0,0.0,1.0,0.0,0.0,0.0
878,4,3,0.0,1.0,0.7056162012924543,1,0,0,0,1,1.0,0.0,1.0,0.0,0.0,0.0,0.0,1.0,0.0
461,1,4,0.0,0.0,0.36040852483033925,1,0,0,0,1,0.0,1.0000000000000002,1.0,0.0,0.0,0.0,1.0,0.0,0.0
966,1,2,0.0,0.0,0.3109961980113334,0,0,1,1,0,0.7320508075688773,0.5773502691896258,1.0,0.0,0.0,0.0,1.0,0.0,0.0
976,1,3,0.0,0.5,0.45834501067174527,0,1,0,1,0,1.0,0.0,0.0,1.0,0.0,0.0,1.0,0.0,0.0
725,3,5,0.0,0.5,0.841335737238778,1,0,0,0,1,0.0,1.0000000000000002,0.0,1.0,1.0,0.0,0.0,0.0,0.0
141,0,2,1.0,0.5,0.5636308132271002,0,0,1,1,0,0.7320508075688773,0.5773502691896258,1.0,0.0,0.0,1.0,0.0,0.0,0.0
109,3,5,1.0,0.0,0.38179990419034526,0,1,0,1,0,1.0,0.0,1.0,0.0,1.0,0.0,0.0,0.0,0.0
765,1,5,1.0,0.0,0.4751845859278192,0,0,1,1,0,0.0,1.0000000000000002,0.0,1.0,0.0,0.0,1.0,0.0,0.0
165,2,3,1.0,0.0,0.1343188879511903,0,0,1,1,0,0.7320508075688773,0.5773502691896258,0.0,1.0,0.0,0.0,0.0,0.0,1.0
852,2,4,1.0,1.0,0.4902140383713074,0,0,1,1,0,1.0,0.0,0.0,1.0,0.0,0.0,0.0,0.0,1.0
201,2,3,1.0,0.5,0.26770948959798835,0,0,1,1,0,0.0,1.0000000000000002,0.0,1.0,0.0,0.0,0.0,0.0,1.0
359,1,2,1.0,0.5,0.30069523386557284,1,0,0,0,1,0.7320508075688773,0.5773502691896258,0.0,1.0,0.0,0.0,1.0,0.0,0.0
832,0,1,1.0,0.5,0.14368836983904565,0,1,0,1,0,1.0,0.0,1.0,0.0,0.0,1.0,0.0,0.0,0.0
828,2,2,1.0,1.0,0.6027901196056642,0,0,1,1,0,0.0,1.0000000000000002,1.0,0.0,0.0,0.0,0.0,0.0,1.0
15,4,2,0.0,1.0,0.6563030217226999,0,0,1,1,0,0.7320508075688773,0.5773502691896258,0.0,1.0,0.0,0.0,0.0,1.0,0.0
548,3,4,0.0,0.0,0.4702276380752024,1,0,0,0,1,1.0,0.0,0.0,1.0,1.0,0.0,0.0,0.0,0.0
368,3,5,0.0,0.0,0.21534817945084983,1,0,0,0,1,0.0,1.0000000000000002,0.0,1.0,1.0,0.0,0.0,0.0,0.0
754,3,1,1.0,1.0,0.7706450315134226,0,1,0,1,0,0.7320508075688773,0.5773502691896258,0.0,1.0,1.0,0.0,0.0,0.0,0.0
426,4,2,0.0,0.5,0.8199358949670557,0,0,1,1,0,1.0,0.0,1.0,0.0,0.0,0.0,0.0,1.0,0.0
287,1,4,0.0,1.0,0.3109961980113334,1,0,0,0,1,0.0,1.0000000000000002,1.0,0.0,0.0,0.0,1.0,0.0,0.0
166,1,1,1.0,0.0,0.40163660009734725,0,1,0,1,0,0.7320508075688773,0.5773502691896258,0.0,1.0,0.0,0.0,1.0,0.0,0.0
862,3,3,0.0,0.5,0.2937507519667997,0,1,0,1,0,1.0,0.0,0.0,1.0,1.0,0.0,0.0,0.0,0.0
798,2,3,1.0,0.5,0.691634434891808,0,0,1,1,0,0.0,1.0000000000000002,0.0,1.0,0.0,0.0,0.0,0.0,1.0
252,1,3,1.0,1.0,0.44486984171265176,0,0,1,1,0,0.7320508075688773,0.5773502691896258,0.0,1.0,0.0,0.0,1.0,0.0,0.0
247,4,4,1.0,1.0,0.31587276600242165,0,1,0,1,0,1.0,0.0,1.0,0.0,0.0,0.0,0.0,1.0,0.0
585,4,4,1.0,0.5,0.8282661758659295,0,0,1,1,0,0.0,1.0000000000000002,0.0,1.0,0.0,0.0,0.0,1.0,0.0
538,0,1,1.0,0.5,0.9964392791365451,0,1,0,1,0,0.7320508075688773,0.5773502691896258,1.0,0.0,0.0,1.0,0.0,0.0,0.0
790,3,3,0.0,0.0,0.5781918802782999,0,1,0,1,0,1.0,0.0,0.0,1.0,1.0,0.0,0.0,0.0,0.0
767,0,5,1.0,1.0,0.8337550819506352,1,0,0,0,1,0.0,1.0000000000000002,1.0,0.0,0.0,1.0,0.0,0.0,0.0
259,4,4,0.0,0.0,0.8842191962540871,0,1,0,1,0,0.7320508075688773,0.5773502691896258,0.0,1.0,0.0,0.0,0.0,1.0,0.0
259,2,5,0.0,0.0,0.40351161342583497,0,1,0,1,0,1.0,0.0,0.0,1.0,0.0,0.0,0.0,0.0,1.0
123,0,4,1.0,0.5,0.5702230423481622,0,0,1,1,0,0.0,1.0000000000000002,1.0,0.0,0.0,1.0,0.0,0.0,0.0
298,2,1,0.0,1.0,0.11966529169639184,0,1,0,1,0,0.7320508075688773,0.5773502691896258,1.0,0.0,0.0,0.0,0.0,0.0,1.0
503,4,5,0.0,1.0,0.41108473942760027,1,0,0,0,1,1.0,0.0,0.0,1.0,0.0,0.0,0.0,1.0,0.0
647,4,3,1.0,0.5,0.8828349433431018,1,0,0,0,1,0.0,1.0000000000000002,1.0,0.0,0.0,0.0,0.0,1.0,0.0
232,4,4,1.0,0.0,0.295346414061179,0,1,0,1,0,0.7320508075688773,0.5773502691896258,0.0,1.0,0.0,0.0,0.0,1.0,0.0
91,1,5,1.0,0.5,0.785910518989136,0,1,0,1,0,1.0,0.0,0.0,1.0,0.0,0.0,1.0,0.0,0.0
735,0,3,0.0,0.0,0.8222118397677138,0,0,1,1,0,0.0,1.0000000000000002,1.0,0.0,0.0,1.0,0.0,0.0,0.0
321,3,4,1.0,1.0,0.453884999241009,0,0,1,1,0,0.7320508075688773,0.5773502691896258,1.0,0.0,1.0,0.0,0.0,0.0,0.0
252,2,1,1.0,1.0,0.24461966372743094,0,0,1,1,0,1.0,0.0,0.0,1.0,0.0,0.0,0.0,0.0,1.0
238,0,5,0.0,0.5,0.7538934486493436,0,1,0,1,0,0.0,1.0000000000000002,1.0,0.0,0.0,1.0,0.0,0.0,0.0
582,1,4,1.0,1.0,0.7133732438948193,0,0,1,1,0,0.7320508075688773,0.5773502691896258,1.0,0.0,0.0,0.0,1.0,0.0,0.0
315,4,2,1.0,0.0,0.38139901062505066,0,0,1,1,0,1.0,0.0,0.0,1.0,0.0,0.0,0.0,1.0,0.0
537,0,1,1.0,0.0,0.8354714304969852,0,0,1,1,0,0.0,1.0000000000000002,0.0,1.0,0.0,1.0,0.0,0.0,0.0
33,1,4,1.0,1.0,0.508528940119175,0,0,1,1,0,0.7320508075688773,0.5773502691896258,0.0,1.0,0.0,0.0,1.0,0.0,0.0
133,0,4,1.0,1.0,0.8320447978429679,0,1,0,1,0,1.0,0.0,0.0,1.0,0.0,1.0,0.0,0.0,0.0
444,0,2,0.0,0.0,0.4399766075286604,0,0,1,1,0,0.0,1.0000000000000002,1.0,0.0,0.0,1.0,0.0,0.0,0.0
518,4,2,1.0,1.0,0.26933986587910974,1,0,0,0,1,0.7320508075688773,0.5773502691896258,1.0,0.0,0.0,0.0,0.0,1.0,0.0
610,0,5,0.0,0.5,0.41011140878022667,0,1,0,1,0,1.0,0.0,0.0,1.0,0.0,1.0,0.0,0.0,0.0
555,0,4,0.0,1.0,0.8573538260248204,0,0,1,1,0,0.0,1.0000000000000002,1.0,0.0,0.0,1.0,0.0,0.0,0.0
644,3,5,0.0,0.0,0.07857893582945774,1,0,0,0,1,0.7320508075688773,0.5773502691896258,1.0,0.0,1.0,0.0,0.0,0.0,0.0
733,1,3,0.0,0.5,0.9074372557668489,0,1,0,1,0,1.0,0.0,1.0,0.0,0.0,0.0,1.0,0.0,0.0
717,2,1,1.0,1.0,0.954667969190035,0,0,1,1,0,0.0,1.0000000000000002,1.0,0.0,0.0,0.0,0.0,0.0,1.0
343,3,3,1.0,0.5,0.8332880627145474,0,1,0,1,0,0.7320508075688773,0.5773502691896258,1.0,0.0,1.0,0.0,0.0,0.0,0.0
887,1,3,0.0,0.0,0.14296200575606033,1,0,0,0,1,1.0,0.0,1.0,0.0,0.0,0.0,1.0,0.0,0.0
341,1,4,0.0,0.5,0.1949183556016889,1,0,0,0,1,0.0,1.0000000000000002,0.0,1.0,0.0,0.0,1.0,0.0,0.0
575,0,5,0.0,1.0,0.9096917001678615,1,0,0,0,1,0.7320508075688773,0.5773502691896258,0.0,1.0,0.0,1.0,0.0,0.0,0.0
70,4,3,0.0,1.0,0.9760665087375577,0,1,0,1,0,1.0,0.0,0.0,1.0,0.0,0.0,0.0,1.0,0.0
409,2,3,1.0,1.0,0.5079111722992988,0,1,0,1,0,0.0,1.0000000000000002,0.0,1.0,0.0,0.0,0.0,0.0,1.0
874,0,2,1.0,0.0,0.8596644819050616,0,1,0,1,0,0.7320508075688773,0.5773502691896258,0.0,1.0,0.0,1.0,0.0,0.0,0.0
419,0,4,1.0,0.5,0.45877851148353477,1,0,0,0,1,1.0,0.0,0.0,1.0,0.0,1.0,0.0,0.0,0.0
80,1,1,0.0,1.0,0.8657636725349165,1,0,0,0,1,0.0,1.0000000000000002,1.0,0.0,0.0,0.0,1.0,0.0,0.0
794,1,4,1.0,0.5,0.7730347613954032,1,0,0,0,1,0.7320508075688773,0.5773502691896258,1.0,0.0,0.0,0.0,1.0,0.0,0.0
784,2,1,1.0,0.5,0.5361954314236912,0,1,0,1,0,1.0,0.0,0.0,1.0,0.0,0.0,0.0,0.0,1.0
606,1,4,1.0,1.0,0.9094238798196144,0,0,1,1,0,0.0,1.0000000000000002,1.0,0.0,0.0,0.0,1.0,0.0,0.0
436,3,1,0.0,1.0,0.08690803431966287,0,1,0,1,0,0.7320508075688773,0.5773502691896258,1.0,0.0,1.0,0.0,0.0,0.0,0.0
92,4,3,1.0,0.0,0.9288661504052036,1,0,0,0,1,1.0,0.0,1.0,0.0,0.0,0.0,0.0,1.0,0.0
942,2,3,0.0,0.0,0.17015367218472344,0,0,1,1,0,0.0,1.0000000000000002,0.0,1.0,0.0,0.0,0.0,0.0,1.0
128,3,3,1.0,1.0,0.0657718759909609,1,0,0,0,1,0.7320508075688773,0.5773502691896258,0.0,1.0,1.0,0.0,0.0,0.0,0.0
835,1,5,1.0,1.0,0.7486588025862955,0,1,0,1,0,1.0,0.0,1.0,0.0,0.0,0.0,1.0,0.0,0.0
715,4,2,0.0,1.0,0.44339249797223035,0,1,0,1,0,0.0,1.0000000000000002,1.0,0.0,0.0,0.0,0.0,1.0,0.0
126,1,3,0.0,0.0,0.789709628851901,0,0,1,1,0,0.7320508075688773,0.5773502691896258,1.0,0.0,0.0,0.0,1.0,0.0,0.0
956,0,3,0.0,0.0,0.1156451104766072,1,0,0,0,1,1.0,0.0,0.0,1.0,0.0,1.0,0.0,0.0,0.0
319,1,4,1.0,0.5,0.4029123565691859,0,1,0,1,0,0.0,1.0000000000000002,1.0,0.0,0.0,0.0,1.0,0.0,0.0
917,4,2,1.0,1.0,0.08767298867196205,1,0,0,0,1,0.7320508075688773,0.5773502691896258,1.0,0.0,0.0,0.0,0.0,1.0,0.0
430,2,3,0.0,0.5,0.15730228772092625,0,1,0,1,0,1.0,0.0,0.0,1.0,0.0,0.0,0.0,0.0,1.0
592,1,3,1.0,0.5,0.789709628851901,0,1,0,1,0,0.0,1.0000000000000002,1.0,0.0,0.0,0.0,1.0,0.0,0.0
680,3,1,0.0,0.0,0.9490363950419929,1,0,0,0,1,0.7320508075688773,0.5773502691896258,0.0,1.0,1.0,0.0,0.0,0.0,0.0
209,0,4,0.0,0.5,0.40595286230682026,1,0,0,0,1,1.0,0.0,0.0,1.0,0.0,1.0,0.0,0.0,0.0
876,1,5,1.0,1.0,0.9793984548454557,0,0,1,1,0,0.0,1.0000000000000002,0.0,1.0,0.0,0.0,1.0,0.0,0.0
923,0,3,1.0,1.0,0.681512002143736,1,0,0,0,1,0.7320508075688773,0.5773502691896258,1.0,0.0,0.0,1.0,0.0,0.0,0.0
688,1,2,1.0,0.5,0.44163879232248116,0,1,0,1,0,1.0,0.0,1.0,0.0,0.0,0.0,1.0,0.0,0.0
757,4,5,0.0,0.0,0.3248965664746515,0,1,0,1,0,0.0,1.0000000000000002,0.0,1.0,0.0,0.0,0.0,1.0,0.0
424,3,1,0.0,0.0,0.2742301045294586,0,1,0,1,0,0.7320508075688773,0.5773502691896258,1.0,0.0,1.0,0.0,0.0,0.0,0.0
518,3,2,1.0,1.0,0.17264619671254833,1,0,0,0,1,1.0,0.0,1.0,0.0,1.0,0.0,0.0,0.0,0.0
598,4,3,1.0,1.0,0.10452869297973866,0,1,0,1,0,0.0,1.0000000000000002,1.0,0.0,0.0,0.0,0.0,1.0,0.0
390,4,5,1.0,0.5,0.9001228428501133,0,0,1,1,0,0.7320508075688773,0.5773502691896258,0.0,1.0,0.0,0.0,0.0,1.0,0.0
263,1,2,0.0,0.5,0.8098415619412527,1,0,0,0,1,1.0,0.0,0.0,1.0,0.0,0.0,1.0,0.0,0.0
408,1,2,1.0,0.0,0.5383123577477273,0,0,1,1,0,0.0,1.0000000000000002,0.0,1.0,0.0,0.0,1.0,0.0,0.0
907,0,3,1.0,1.0,0.14775501401171054,0,1,0,1,0,0.7320508075688773,0.5773502691896258,1.0,0.0,0.0,1.0,0.0,0.0,0.0
343,2,5,1.0,0.5,0.25661029571786687,0,1,0,1,0,1.0,0.0,1.0,0.0,0.0,0.0,0.0,0.0,1.0
27,3,1,1.0,1.0,0.98036568166069,0,0,1,1,0,0.0,1.0000000000000002,1.0,0.0,1.0,0.0,0.0,0.0,0.0
607,0,5,0.0,0.0,0.5314955886602619,0,1,0,1,0,0.7320508075688773,0.5773502691896258,0.0,1.0,0.0,1.0,0.0,0.0,0.0
653,4,4,1.0,0.5,0.5227798025272787,1,0,0,0,1,1.0,0.0,0.0,1.0,0.0,0.0,0.0,1.0,0.0
153,3,4,0.0,0.0,0.26578178209579884,0,0,1,1,0,0.0,1.0000000000000002,1.0,0.0,1.0,0.0,0.0,0.0,0.0
186,4,2,0.0,1.0,0.3028175212255255,0,0,1,1,0,0.7320508075688773,0.5773502691896258,0.0,1.0,0.0,0.0,0.0,1.0,0.0
499,3,3,1.0,0.0,0.21229521044564414,0,1,0,1,0,1.0,0.0,0.0,1.0,1.0,0.0,0.0,0.0,0.0
442,0,2,0.0,0.0,0.43752367573794126,0,1,0,1,0,0.0,1.0000000000000002,1.0,0.0,0.0,1.0,0.0,0.0,0.0
321,2,5,1.0,1.0,0.049834823378504645,0,0,1,1,0,0.7320508075688773,0.5773502691896258,1.0,0.0,0.0,0.0,0.0,0.0,1.0
416,2,3,1.0,0.0,0.13658254786497048,1,0,0,0,1,1.0,0.0,1.0,0.0,0.0,0.0,0.0,0.0,1.0
80,2,2,0.0,1.0,0.25633741916304364,1,0,0,0,1,0.0,1.0000000000000002,1.0,0.0,0.0,0.0,0.0,0.0,1.0
708,3,2,0.0,0.5,0.6889000302618427,0,0,1,1,0,0.7320508075688773,0.5773502691896258,0.0,1.0,1.0,0.0,0.0,0.0,0.0
971,0,2,1.0,1.0,0.37042959630018535,1,0,0,0,1,1.0,0.0,1.0,0.0,0.0,1.0,0.0,0.0,0.0
579,4,4,1.0,0.5,0.3426840682143859,0,0,1,1,0,0.0,1.0000000000000002,0.0,1.0,0.0,0.0,0.0,1.0,0.0
560,1,1,0.0,0.5,0.9793899691520092,1,0,0,0,1,0.7320508075688773,0.5773502691896258,1.0,0.0,0.0,0.0,1.0,0.0,0.0
837,2,3,1.0,1.0,0.26039816149562034,0,0,1,1,0,1.0,0.0,1.0,0.0,0.0,0.0,0.0,0.0,1.0
415,4,4,0.0,1.0,0.9335397716843752,0,1,0,1,0,0.0,1.0000000000000002,0.0,1.0,0.0,0.0,0.0,1.0,0.0
864,3,2,1.0,1.0,0.7776931111797851,0,0,1,1,0,0.7320508075688773,0.5773502691896258,1.0,0.0,1.0,0.0,0.0,0.0,0.0
584,0,3,0.0,1.0,0.07014620283587947,1,0,0,0,1,1.0,0.0,0.0,1.0,0.0,1.0,0.0,0.0,0.0
992,0,4,0.0,1.0,0.9398469102470508,1,0,0,0,1,0.0,1.0000000000000002,0.0,1.0,0.0,1.0,0.0,0.0,0.0
682,3,2,1.0,0.0,0.9049902910809906,0,1,0,1,0,0.7320508075688773,0.5773502691896258,0.0,1.0,1.0,0.0,0.0,0.0,0.0
725,2,1,0.0,0.5,0.40896602908151225,1,0,0,0,1,1.0,0.0,0.0,1.0,0.0,0.0,0.0,0.0,1.0
550,1,2,0.0,0.0,0.09018168419752426,0,1,0,1,0,0.0,1.0000000000000002,0.0,1.0,0.0,0.0,1.0,0.0,0.0
572,2,4,1.0,1.0,0.07641048101232739,1,0,0,0,1,0.7320508075688773,0.5773502691896258,1.0,0.0,0.0,0.0,0.0,0.0,1.0
696,0,3,0.0,0.5,0.4587557401089595,0,0,1,1,0,1.0,0.0,0.0,1.0,0.0,1.0,0.0,0.0,0.0
803,0,5,1.0,0.5,0.973480700769501,1,0,0,0,1,0.0,1.0000000000000002,1.0,0.0,0.0,1.0,0.0,0.0,0.0
352,1,1,0.0,0.0,0.9000209952054994,0,1,0,1,0,0.7320508075688773,0.5773502691896258,1.0,0.0,0.0,0.0,1.0,0.0,0.0
283,0,5,0.0,0.5,0.30998471386380766,0,1,0,1,0,1.0,0.0,1.0,0.0,0.0,1.0,0.0,0.0,0.0
844,4,3,1.0,0.5,0.7344472167803597,0,1,0,1,0,0.0,1.0000000000000002,0.0,1.0,0.0,0.0,0.0,1.0,0.0
690,1,2,1.0,1.0,0.8255181624699293,0,0,1,1,0,0.7320508075688773,0.5773502691896258,0.0,1.0,0.0,0.0,1.0,0.0,0.0
503,2,4,0.0,1.0,0.461994613661981,1,0,0,0,1,1.0,0.0,0.0,1.0,0.0,0.0,0.0,0.0,1.0
987,2,5,1.0,1.0,0.2904385748005631,0,0,1,1,0,0.0,1.0000000000000002,1.0,0.0,0.0,0.0,0.0,0.0,1.0
743,2,4,0.0,1.0,0.7512988092436674,1,0,0,0,1,0.7320508075688773,0.5773502691896258,1.0,0.0,0.0,0.0,0.0,0.0,1.0
182,0,5,0.0,0.5,0.8222118397677138,1,0,0,0,1,1.0,0.0,0.0,1.0,0.0,1.0,0.0,0.0,0.0
821,2,3,0.0,1.0,0.580002202695526,1,0,0,0,1,0.0,1.0000000000000002,0.0,1.0,0.0,0.0,0.0,0.0,1.0
252,0,3,1.0,1.0,0.3503307808713738,0,0,1,1,0,0.7320508075688773,0.5773502691896258,0.0,1.0,0.0,1.0,0.0,0.0,0.0
283,0,5,0.0,0.5,0.6904454082443556,0,1,0,1,0,1.0,0.0,1.0,0.0,0.0,1.0,0.0,0.0,0.0
87,2,4,1.0,1.0,0.5246932663760382,0,0,1,1,0,0.0,1.0000000000000002,0.0,1.0,0.0,0.0,0.0,0.0,1.0
273,2,3,1.0,0.5,0.6741483209842083,0,0,1,1,0,0.7320508075688773,0.5773502691896258,0.0,1.0,0.0,0.0,0.0,0.0,1.0
962,2,4,1.0,0.5,0.8756890439263834,1,0,0,0,1,1.0,0.0,1.0,0.0,0.0,0.0,0.0,0.0,1.0
919,1,2,0.0,0.5,0.8321510927306339,0,1,0,1,0,0.0,1.0000000000000002,1.0,0.0,0.0,0.0,1.0,0.0,0.0
55,4,4,1.0,0.0,0.865925133489807,0,1,0,1,0,0.7320508075688773,0.5773502691896258,1.0,0.0,0.0,0.0,0.0,1.0,0.0
454,4,2,1.0,0.0,0.88159316494442,0,1,0,1,0,1.0,0.0,0.0,1.0,0.0,0.0,0.0,1.0,0.0
530,3,4,1.0,0.0,0.1805978722282493,1,0,0,0,1,0.0,1.0000000000000002,1.0,0.0,1.0,0.0,0.0,0.0,0.0
530,4,4,1.0,0.0,0.4787377219081921,1,0,0,0,1,0.7320508075688773,0.5773502691896258,1.0,0.0,0.0,0.0,0.0,1.0,0.0
748,4,2,1.0,0.0,0.1811513790592807,0,1,0,1,0,1.0,0.0,0.0,1.0,0.0,0.0,0.0,1.0,0.0
991,4,1,0.0,0.5,0.7344472167803597,0,1,0,1,0,0.0,1.0000000000000002,1.0,0.0,0.0,0.0,0.0,1.0,0.0
189,1,3,0.0,0.5,0.508528940119175,0,0,1,1,0,0.7320508075688773,0.5773502691896258,1.0,0.0,0.0,0.0,1.0,0.0,0.0
117,4,1,1.0,0.5,0.8828349433431018,0,0,1,1,0,1.0,0.0,0.0,1.0,0.0,0.0,0.0,1.0,0.0
711,2,3,1.0,0.5,0.7904761399798361,0,0,1,1,0,0.0,1.0000000000000002,0.0,1.0,0.0,0.0,0.0,0.0,1.0
80,1,3,0.0,1.0,0.6348917169240074,1,0,0,0,1,0.7320508075688773,0.5773502691896258,1.0,0.0,0.0,0.0,1.0,0.0,0.0
827,4,3,1.0,0.0,0.6087030185196505,1,0,0,0,1,1.0,0.0,0.0,1.0,0.0,0.0,0.0,1.0,0.0
684,4,2,0.0,0.0,0.9654457067760513,0,0,1,1,0,0.0,1.0000000000000002,0.0,1.0,0.0,0.0,0.0,1.0,0.0
847,4,4,0.0,0.0,0.9045321130081594,0,1,0,1,0,0.7320508075688773,0.5773502691896258,1.0,0.0,0.0,0.0,0.0,1.0,0.0
620,2,4,1.0,0.0,0.4142871734950053,1,0,0,0,1,1.0,0.0,0.0,1.0,0.0,0.0,0.0,0.0,1.0
701,0,5,1.0,0.5,0.4399766075286604,1,0,0,0,1,0.0,1.0000000000000002,1.0,0.0,0.0,1.0,0.0,0.0,0.0
777,3,2,0.0,1.0,0.33407831775891905,0,0,1,1,0,0.7320508075688773,0.5773502691896258,0.0,1.0,1.0,0.0,0.0,0.0,0.0
91,2,3,1.0,0.5,0.8458071307877675,0,1,0,1,0,1.0,0.0,0.0,1.0,0.0,0.0,0.0,0.0,1.0
42,2,2,1.0,1.0,0.5739013982844372,0,0,1,1,0,0.0,1.0000000000000002,1.0,0.0,0.0,0.0,0.0,0.0,1.0
115,3,3,0.0,0.5,0.3387829562019369,0,1,0,1,0,0.7320508075688773,0.5773502691896258,1.0,0.0,1.0,0.0,0.0,0.0,0.0
8,3,5,1.0,1.0,0.3387829562019369,1,0,0,0,1,1.0,0.0,0.0,1.0,1.0,0.0,0.0,0.0,0.0
943,3,5,1.0,0.5,0.30718319150049345,0,1,0,1,0,0.0,1.0000000000000002,0.0,1.0,1.0,0.0,0.0,0.0,0.0
537,0,2,1.0,0.0,0.9051356790631933,0,0,1,1,0,0.7320508075688773,0.5773502691896258,0.0,1.0,0.0,1.0,0.0,0.0,0.0
63,3,2,1.0,0.0,0.2201240500090007,0,0,1,1,0,1.0,0.0,0.0,1.0,1.0,0.0,0.0,0.0,0.0
172,4,1,0.0,1.0,0.25447160200158647,0,1,0,1,0,0.0,1.0000000000000002,0.0,1.0,0.0,0.0,0.0,1.0,0.0
800,1,3,0.0,1.0,0.6778418603810947,1,0,0,0,1,0.7320508075688773,0.5773502691896258,1.0,0.0,0.0,0.0,1.0,0.0,0.0
368,1,3,0.0,0.0,0.9539039240580522,1,0,0,0,1,1.0,0.0,0.0,1.0,0.0,0.0,1.0,0.0,0.0
685,3,1,0.0,0.0,0.30183897219510625,0,1,0,1,0,0.0,1.0000000000000002,0.0,1.0,1.0,0.0,0.0,0.0,0.0
878,2,1,0.0,1.0,0.6280520831104162,1,0,0,0,1,0.7320508075688773,0.5773502691896258,1.0,0.0,0.0,0.0,0.0,0.0,1.0
423,4,5,0.0,1.0,0.2201881566476418,0,0,1,1,0,1.0,0.0,0.0,1.0,0.0,0.0,0.0,1.0,0.0
594,3,1,0.0,0.0,0.7456939682320987,0,0,1,1,0,0.0,1.0000000000000002,1.0,0.0,1.0,0.0,0.0,0.0,0.0
224,2,4,1.0,1.0,0.7509759202847399,1,0,0,0,1,0.7320508075688773,0.5773502691896258,0.0,1.0,0.0,0.0,0.0,0.0,1.0
747,0,1,0.0,0.0,0.5316698151648134,0,0,1,1,0,1.0,0.0,1.0,0.0,0.0,1.0,0.0,0.0,0.0
318,0,3,1.0,0.0,0.16043161240794346,0,0,1,1,0,0.0,1.0000000000000002,1.0,0.0,0.0,1.0,0.0,0.0,0.0
288,1,3,0.0,0.5,0.21472877082410857,0,0,1,1,0,0.7320508075688773,0.5773502691896258,1.0,0.0,0.0,0.0,1.0,0.0,0.0
8,2,5,1.0,1.0,0.23003118181334825,1,0,0,0,1,1.0,0.0,0.0,1.0,0.0,0.0,0.0,0.0,1.0
653,1,4,1.0,0.5,0.8321510927306339,1,0,0,0,1,0.0,1.0000000000000002,0.0,1.0,0.0,0.0,1.0,0.0,0.0
949,2,4,1.0,1.0,0.8758261256876696,0,1,0,1,0,0.7320508075688773,0.5773502691896258,1.0,0.0,0.0,0.0,0.0,0.0,1.0
567,4,5,1.0,0.5,0.31539856512179076,0,0,1,1,0,1.0,0.0,1.0,0.0,0.0,0.0,0.0,1.0,0.0
628,3,5,0.0,1.0,0.306282074228196,0,1,0,1,0,0.0,1.0000000000000002,1.0,0.0,1.0,0.0,0.0,0.0,0.0
801,2,5,1.0,0.0,0.07319327615163962,0,0,1,1,0,0.7320508075688773,0.5773502691896258,1.0,0.0,0.0,0.0,0.0,0.0,1.0
53,1,5,1.0,1.0,0.8527896907958135,1,0,0,0,1,1.0,0.0,0.0,1.0,0.0,0.0,1.0,0.0,0.0
762,2,5,1.0,0.0,0.6802655623461686,0,0,1,1,0,0.0,1.0000000000000002,1.0,0.0,0.0,0.0,0.0,0.0,1.0
463,2,1,0.0,1.0,0.23003118181334825,0,1,0,1,0,0.7320508075688773,0.5773502691896258,0.0,1.0,0.0,0.0,0.0,0.0,1.0
121,3,2,1.0,1.0,0.6162270462062316,0,1,0,1,0,1.0,0.0,1.0,0.0,1.0,0.0,0.0,0.0,0.0
437,1,2,1.0,0.5,0.770977645513891,1,0,0,0,1,0.0,1.0000000000000002,0.0,1.0,0.0,0.0,1.0,0.0,0.0
642,2,4,0.0,0.5,0.6027901196056642,0,0,1,1,0,0.7320508075688773,0.5773502691896258,1.0,0.0,0.0,0.0,0.0,0.0,1.0
344,2,2,1.0,0.5,0.2090517842946964,1,0,0,0,1,1.0,0.0,0.0,1.0,0.0,0.0,0.0,0.0,1.0
316,3,3,1.0,0.0,0.6396106208581807,0,1,0,1,0,0.0,1.0000000000000002,1.0,0.0,1.0,0.0,0.0,0.0,0.0
592,4,3,1.0,0.5,0.9335397716843752,0,1,0,1,0,0.7320508075688773,0.5773502691896258,1.0,0.0,0.0,0.0,0.0,1.0,0.0
858,3,3,0.0,1.0,0.8252301063637861,0,0,1,1,0,1.0,0.0,0.0,1.0,1.0,0.0,0.0,0.0,0.0
835,4,2,1.0,1.0,0.29027494921541264,0,1,0,1,0,0.0,1.0000000000000002,1.0,0.0,0.0,0.0,0.0,1.0,0.0
335,3,4,1.0,1.0,0.5098836783027143,1,0,0,0,1,0.7320508075688773,0.5773502691896258,1.0,0.0,1.0,0.0,0.0,0.0,0.0
496,1,1,0.0,0.5,0.0640722307479118,0,1,0,1,0,1.0,0.0,0.0,1.0,0.0,0.0,1.0,0.0,0.0
13,2,2,0.0,1.0,0.3311720084670413,0,1,0,1,0,0.0,1.0000000000000002,0.0,1.0,0.0,0.0,0.0,0.0,1.0
69,3,2,0.0,0.0,0.17264619671254833,0,0,1,1,0,0.7320508075688773,0.5773502691896258,0.0,1.0,1.0,0.0,0.0,0.0,0.0
215,0,5,0.0,0.0,0.8320447978429679,1,0,0,0,1,1.0,0.0,1.0,0.0,0.0,1.0,0.0,0.0,0.0
35,0,4,1.0,0.5,0.498707426349823,1,0,0,0,1,0.0,1.0000000000000002,0.0,1.0,0.0,1.0,0.0,0.0,0.0
778,4,5,0.0,0.0,0.4316083620570619,0,1,0,1,0,0.7320508075688773,0.5773502691896258,1.0,0.0,0.0,0.0,0.0,1.0,0.0
578,4,4,1.0,0.5,0.6368209751306524,1,0,0,0,1,1.0,0.0,1.0,0.0,0.0,0.0,0.0,1.0,0.0
261,3,1,1.0,1.0,0.212724185500472,0,0,1,1,0,0.0,1.0000000000000002,0.0,1.0,1.0,0.0,0.0,0.0,0.0
673,1,1,1.0,1.0,0.33492639594647633,0,1,0,1,0,0.7320508075688773,0.5773502691896258,1.0,0.0,0.0,0.0,1.0,0.0,0.0
527,0,1,0.0,1.0,0.22156788555506024,1,0,0,0,1,1.0,0.0,0.0,1.0,0.0,1.0,0.0,0.0,0.0
163,1,4,1.0,1.0,0.5731513698316308,0,1,0,1,0,0.0,1.0000000000000002,1.0,0.0,0.0,0.0,1.0,0.0,0.0
578,3,1,1.0,0.5,0.47724625127920506,1,0,0,0,1,0.7320508075688773,0.5773502691896258,1.0,0.0,1.0,0.0,0.0,0.0,0.0
311,3,5,1.0,0.0,0.5673491015941265,1,0,0,0,1,1.0,0.0,1.0,0.0,1.0,0.0,0.0,0.0,0.0
242,2,5,1.0,0.5,0.3641207116508709,1,0,0,0,1,0.0,1.0000000000000002,1.0,0.0,0.0,0.0,0.0,0.0,1.0
73,3,1,0.0,0.5,0.12137769209839222,0,1,0,1,0,0.7320508075688773,0.5773502691896258,1.0,0.0,1.0,0.0,0.0,0.0,0.0
779,2,1,1.0,0.5,0.7890511142672074,1,0,0,0,1,1.0,0.0,1.0,0.0,0.0,0.0,0.0,0.0,1.0
446,3,4,1.0,1.0,0.6078485009513543,1,0,0,0,1,0.0,1.0000000000000002,1.0,0.0,1.0,0.0,0.0,0.0,0.0
320,1,1,1.0,0.0,0.06515491719616762,1,0,0,0,1,0.7320508075688773,0.5773502691896258,1.0,0.0,0.0,0.0,1.0,0.0,0.0
639,3,5,0.0,1.0,0.07857893582945774,0,0,1,1,0,1.0,0.0,0.0,1.0,1.0,0.0,0.0,0.0,0.0
733,4,5,0.0,0.5,0.88159316494442,0,1,0,1,0,0.0,1.0000000000000002,1.0,0.0,0.0,0.0,0.0,1.0,0.0
572,1,5,1.0,1.0,0.8321510927306339,1,0,0,0,1,0.7320508075688773,0.5773502691896258,1.0,0.0,0.0,0.0,1.0,0.0,0.0
168,0,2,0.0,1.0,0.216259207469768,0,0,1,1,0,1.0,0.0,1.0,0.0,0.0,1.0,0.0,0.0,0.0
114,3,5,0.0,0.0,0.9036095093450087,0,0,1,1,0,0.0,1.0000000000000002,0.0,1.0,1.0,0.0,0.0,0.0,0.0
282,2,3,1.0,0.5,0.7262743278212258,0,0,1,1,0,0.7320508075688773,0.5773502691896258,0.0,1.0,0.0,0.0,0.0,0.0,1.0
359,1,4,1.0,0.5,0.898592148794005,1,0,0,0,1,1.0,0.0,0.0,1.0,0.0,0.0,1.0,0.0,0.0
2,0,2,1.0,1.0,0.24187016068151435,1,0,0,0,1,0.0,1.0000000000000002,0.0,1.0,0.0,1.0,0.0,0.0,0.0
777,4,3,0.0,1.0,0.20766492299425066,0,0,1,1,0,0.7320508075688773,0.5773502691896258,0.0,1.0,0.0,0.0,0.0,1.0,0.0
67,3,4,0.0,0.0,0.5601973161547371,0,1,0,1,0,1.0,0.0,1.0,0.0,1.0,0.0,0.0,0.0,0.0
346,1,2,1.0,1.0,0.03610192879730567,0,1,0,1,0,0.0,1.0000000000000002,0.0,1.0,0.0,0.0,1.0,0.0,0.0
736,3,2,0.0,0.5,0.7560732325477839,0,1,0,1,0,0.7320508075688773,0.5773502691896258,0.0,1.0,1.0,0.0,0.0,0.0,0.0
932,3,5,0.0,0.5,0.5715456773712684,1,0,0,0,1,1.0,0.0,1.0,0.0,1.0,0.0,0.0,0.0,0.0
718,3,1,1.0,0.5,0.7706450315134226,0,1,0,1,0,0.0,1.0000000000000002,0.0,1.0,1.0,0.0,0.0,0.0,0.0
534,4,2,0.0,0.5,0.31587276600242165,0,0,1,1,0,0.7320508075688773,0.5773502691896258,1.0,0.0,0.0,0.0,0.0,1.0,0.0
743,2,1,0.0,1.0,0.07898763525189612,1,0,0,0,1,1.0,0.0,1.0,0.0,0.0,0.0,0.0,0.0,1.0
17,3,4,0.0,1.0,0.21859288062456939,1,0,0,0,1,0.0,1.0000000000000002,1.0,0.0,1.0,0.0,0.0,0.0,0.0
319,2,4,1.0,0.5,0.4076471119707663,0,1,0,1,0,0.7320508075688773,0.5773502691896258,1.0,0.0,0.0,0.0,0.0,0.0,1.0
954,4,4,1.0,1.0,0.2320541682035575,0,0,1,1,0,1.0,0.0,0.0,1.0,0.0,0.0,0.0,1.0,0.0
368,4,3,0.0,0.0,0.5630507390462696,1,0,0,0,1,0.0,1.0000000000000002,0.0,1.0,0.0,0.0,0.0,1.0,0.0
293,2,3,0.0,0.0,0.23003118181334825,1,0,0,0,1,0.7320508075688773,0.5773502691896258,1.0,0.0,0.0,0.0,0.0,0.0,1.0
723,1,3,0.0,1.0,0.6091463601137179,0,0,1,1,0,1.0,0.0,1.0,0.0,0.0,0.0,1.0,0.0,0.0
434,4,1,1.0,1.0,0.8065733562128057,1,0,0,0,1,0.0,1.0000000000000002,1.0,0.0,0.0,0.0,0.0,1.0,0.0
707,2,2,1.0,0.0,0.8945407374648222,1,0,0,0,1,0.7320508075688773,0.5773502691896258,1.0,0.0,0.0,0.0,0.0,0.0,1.0
466,3,5,0.0,1.0,0.19634644293450165,0,1,0,1,0,1.0,0.0,1.0,0.0,1.0,0.0,0.0,0.0,0.0
306,0,3,1.0,0.5,0.1988193927871067,0,0,1,1,0,0.0,1.0000000000000002,1.0,0.0,0.0,1.0,0.0,0.0,0.0
586,1,5,0.0,0.5,0.5910000005642266,0,1,0,1,0,0.7320508075688773,0.5773502691896258,0.0,1.0,0.0,0.0,1.0,0.0,0.0
341,2,1,0.0,0.5,0.8823009262110744,1,0,0,0,1,1.0,0.0,0.0,1.0,0.0,0.0,0.0,0.0,1.0
20,4,5,1.0,0.0,0.2954187811851985,1,0,0,0,1,0.0,1.0000000000000002,1.0,0.0,0.0,0.0,0.0,1.0,0.0
999,4,3,1.0,1.0,0.337395682148689,0,0,1,1,0,0.7320508075688773,0.5773502691896258,0.0,1.0,0.0,0.0,0.0,1.0,0.0
292,3,2,1.0,1.0,0.288003402291491,0,1,0,1,0,1.0,0.0,0.0,1.0,1.0,0.0,0.0,0.0,0.0
213,3,2,0.0,1.0,0.057404476752452194,0,0,1,1,0,0.0,1.0000000000000002,0.0,1.0,1.0,0.0,0.0,0.0,0.0
891,3,5,0.0,0.5,0.011858239245831736,0,0,1,1,0,0.7320508075688773,0.5773502691896258,0.0,1.0,1.0,0.0,0.0,0.0,0.0
335,3,4,1.0,1.0,0.9334050283687989,1,0,0,0,1,1.0,0.0,1.0,0.0,1.0,0.0,0.0,0.0,0.0
669,4,4,1.0,0.5,0.8682058260167538,0,0,1,1,0,0.0,1.0000000000000002,0.0,1.0,0.0,0.0,0.0,1.0,0.0
473,1,5,1.0,1.0,0.8624222444947338,1,0,0,0,1,0.7320508075688773,0.5773502691896258,0.0,1.0,0.0,0.0,1.0,0.0,0.0
9,4,5,1.0,0.0,0.31539856512179076,0,0,1,1,0,1.0,0.0,1.0,0.0,0.0,0.0,0.0,1.0,0.0
3,2,4,1.0,0.0,0.5361954314236912,0,0,1,1,0,0.0,1.0000000000000002,1.0,0.0,0.0,0.0,0.0,0.0,1.0
13,3,5,0.0,1.0,0.3387829562019369,0,1,0,1,0,0.7320508075688773,0.5773502691896258,0.0,1.0,1.0,0.0,0.0,0.0,0.0
721,4,4,1.0,0.5,0.5521329739024368,0,1,0,1,0,1.0,0.0,0.0,1.0,0.0,0.0,0.0,1.0,0.0
293,2,4,0.0,0.0,0.5333068949316586,1,0,0,0,1,0.0,1.0000000000000002,1.0,0.0,0.0,0.0,0.0,0.0,1.0
693,1,2,1.0,0.0,0.8624580278170515,0,0,1,1,0,0.7320508075688773,0.5773502691896258,0.0,1.0,0.0,0.0,1.0,0.0,0.0
936,3,1,0.0,0.0,0.2237328246180148,0,0,1,1,0,1.0,0.0,0.0,1.0,1.0,0.0,0.0,0.0,0.0
356,4,2,0.0,0.5,0.11206981357405565,1,0,0,0,1,0.0,1.0000000000000002,0.0,1.0,0.0,0.0,0.0,1.0,0.0
840,1,5,0.0,0.0,0.8967856390049165,0,0,1,1,0,0.7320508075688773,0.5773502691896258,1.0,0.0,0.0,0.0,1.0,0.0,0.0
554,2,4,0.0,1.0,0.11124383232724222,1,0,0,0,1,1.0,0.0,1.0,0.0,0.0,0.0,0.0,0.0,1.0
338,4,5,1.0,0.5,0.11206981357405565,1,0,0,0,1,0.0,1.0000000000000002,0.0,1.0,0.0,0.0,0.0,1.0,0.0
434,3,3,1.0,1.0,0.9196823001521879,1,0,0,0,1,0.7320508075688773,0.5773502691896258,1.0,0.0,1.0,0.0,0.0,0.0,0.0
768,2,3,0.0,1.0,0.8527709684660141,0,0,1,1,0,1.0,0.0,1.0,0.0,0.0,0.0,0.0,0.0,1.0
108,0,2,1.0,0.0,0.9568439841216008,0,0,1,1,0,0.0,1.0000000000000002,0.0,1.0,0.0,1.0,0.0,0.0,0.0
511,2,2,1.0,0.5,0.7580724152687943,0,1,0,1,0,0.7320508075688773,0.5773502691896258,0.0,1.0,0.0,0.0,0.0,0.0,1.0
93,1,1,0.0,0.0,0.23675098996908606,0,0,1,1,0,1.0,0.0,1.0,0.0,0.0,0.0,1.0,0.0,0.0
752,1,5,0.0,1.0,0.770977645513891,1,0,0,0,1,0.0,1.0000000000000002,0.0,1.0,0.0,0.0,1.0,0.0,0.0
516,4,5,0.0,0.5,0.5919803635603551,0,0,1,1,0,0.7320508075688773,0.5773502691896258,0.0,1.0,0.0,0.0,0.0,1.0,0.0
527,1,2,0.0,1.0,0.13886572721796586,1,0,0,0,1,1.0,0.0,0.0,1.0,0.0,0.0,1.0,0.0,0.0
23,3,3,1.0,0.5,0.9196823001521879,1,0,0,0,1,0.0,1.0000000000000002,0.0,1.0,1.0,0.0,0.0,0.0,0.0
569,4,2,1.0,1.0,0.22276290852520741,1,0,0,0,1,0.7320508075688773,0.5773502691896258,1.0,0.0,0.0,0.0,0.0,1.0,0.0
676,0,2,1.0,0.0,0.8596644819050616,0,1,0,1,0,1.0,0.0,0.0,1.0,0.0,1.0,0.0,0.0,0.0
27,0,5,1.0,1.0,0.8055229011054519,0,0,1,1,0,0.0,1.0000000000000002,1.0,0.0,0.0,1.0,0.0,0.0,0.0
944,0,3,1.0,0.0,0.48156997212177854,1,0,0,0,1,0.7320508075688773,0.5773502691896258,1.0,0.0,0.0,1.0,0.0,0.0,0.0
613,4,3,1.0,0.0,0.43569355545250543,0,1,0,1,0,1.0,0.0,1.0,0.0,0.0,0.0,0.0,1.0,0.0
614,4,2,1.0,1.0,0.4677456294470832,1,0,0,0,1,0.0,1.0000000000000002,1.0,0.0,0.0,0.0,0.0,1.0,0.0
373,0,5,1.0,1.0,0.02018948663404352,0,1,0,1,0,0.7320508075688773,0.5773502691896258,0.0,1.0,0.0,1.0,0.0,0.0,0.0
169,4,5,1.0,1.0,0.44561663049141,0,1,0,1,0,1.0,0.0,1.0,0.0,0.0,0.0,0.0,1.0,0.0
482,3,3,1.0,0.0,0.8205351008575463,1,0,0,0,1,0.0,1.0000000000000002,1.0,0.0,1.0,0.0,0.0,0.0,0.0
535,0,4,0.0,1.0,0.5579560216360329,0,1,0,1,0,0.7320508075688773,0.5773502691896258,1.0,0.0,0.0,1.0,0.0,0.0,0.0
343,1,1,1.0,0.5,0.056465103496567526,0,1,0,1,0,1.0,0.0,1.0,0.0,0.0,0.0,1.0,0.0,0.0
16,3,2,0.0,1.0,0.7560732325477839,0,1,0,1,0,0.0,1.0000000000000002,1.0,0.0,1.0,0.0,0.0,0.0,0.0
401,3,1,0.0,0.5,0.4067044877032493,1,0,0,0,1,0.7320508075688773,0.5773502691896258,0.0,1.0,1.0,0.0,0.0,0.0,0.0
65,0,4,1.0,0.5,0.8988695814346364,1,0,0,0,1,1.0,0.0,1.0,0.0,0.0,1.0,0.0,0.0,0.0
767,0,4,1.0,1.0,0.2039444328875799,1,0,0,0,1,0.0,1.0000000000000002,1.0,0.0,0.0,1.0,0.0,0.0,0.0
137,3,5,0.0,1.0,0.3043999307470089,1,0,0,0,1,0.7320508075688773,0.5773502691896258,1.0,0.0,1.0,0.0,0.0,0.0,0.0
992,4,5,0.0,1.0,0.2550738577699341,1,0,0,0,1,1.0,0.0,0.0,1.0,0.0,0.0,0.0,1.0,0.0
528,0,4,1.0,0.5,0.9566570412533832,0,0,1,1,0,0.0,1.0000000000000002,1.0,0.0,0.0,1.0,0.0,0.0,0.0
59,1,4,0.0,0.5,0.9896209101219786,1,0,0,0,1,0.7320508075688773,0.5773502691896258,0.0,1.0,0.0,0.0,1.0,0.0,0.0
528,2,1,1.0,0.5,0.8527709684660141,0,0,1,1,0,1.0,0.0,1.0,0.0,0.0,0.0,0.0,0.0,1.0
597,4,5,0.0,0.0,0.9817176230561109,0,0,1,1,0,0.0,1.0000000000000002,1.0,0.0,0.0,0.0,0.0,1.0,0.0
290,1,3,1.0,0.5,0.15489284528482195,1,0,0,0,1,0.7320508075688773,0.5773502691896258,1.0,0.0,0.0,0.0,1.0,0.0,0.0
657,1,5,0.0,0.0,0.6417535592429,0,0,1,1,0,1.0,0.0,0.0,1.0,0.0,0.0,1.0,0.0,0.0
400,2,1,1.0,0.5,0.11966529169639184,0,1,0,1,0,0.0,1.0000000000000002,1.0,0.0,0.0,0.0,0.0,0.0,1.0
750,3,1,0.0,1.0,0.3758773638781734,0,0,1,1,0,0.7320508075688773,0.5773502691896258,0.0,1.0,1.0,0.0,0.0,0.0,0.0
833,1,1,1.0,0.5,0.5910000005642266,1,0,0,0,1,1.0,0.0,1.0,0.0,0.0,0.0,1.0,0.0,0.0
773,2,3,0.0,0.0,0.5246932663760382,1,0,0,0,1,0.0,1.0000000000000002,0.0,1.0,0.0,0.0,0.0,0.0,1.0
285,0,2,0.0,0.0,0.8423740327645572,0,0,1,1,0,0.7320508075688773,0.5773502691896258,1.0,0.0,0.0,1.0,0.0,0.0,0.0
184,2,3,0.0,1.0,0.691634434891808,0,1,0,1,0,1.0,0.0,0.0,1.0,0.0,0.0,0.0,0.0,1.0
560,2,4,0.0,0.5,0.34165868789939546,1,0,0,0,1,0.0,1.0000000000000002,1.0,0.0,0.0,0.0,0.0,0.0,1.0
498,0,3,0.0,0.0,0.3688886251039656,0,0,1,1,0,0.7320508075688773,0.5773502691896258,0.0,1.0,0.0,1.0,0.0,0.0,0.0
659,2,3,1.0,0.5,0.954667969190035,1,0,0,0,1,1.0,0.0,0.0,1.0,0.0,0.0,0.0,0.0,1.0
591,2,4,0.0,0.5,0.1689381186547516,0,0,1,1,0,0.0,1.0000000000000002,0.0,1.0,0.0,0.0,0.0,0.0,1.0
964,1,4,0.0,0.0,0.03610192879730567,0,1,0,1,0,0.7320508075688773,0.5773502691896258,1.0,0.0,0.0,0.0,1.0,0.0,0.0
458,0,2,0.0,1.0,0.20938399899568472,1,0,0,0,1,1.0,0.0,0.0,1.0,0.0,1.0,0.0,0.0,0.0
572,3,3,1.0,1.0,0.04727444842280759,1,0,0,0,1,0.0,1.0000000000000002,1.0,0.0,1.0,0.0,0.0,0.0,0.0
502,1,1,1.0,0.0,0.508528940119175,0,1,0,1,0,0.7320508075688773,0.5773502691896258,1.0,0.0,0.0,0.0,1.0,0.0,0.0
635,1,4,0.0,0.0,0.9051017862812816,1,0,0,0,1,1.0,0.0,0.0,1.0,0.0,0.0,1.0,0.0,0.0
512,3,2,0.0,0.5,0.455951930622954,1,0,0,0,1,0.0,1.0000000000000002,0.0,1.0,1.0,0.0,0.0,0.0,0.0
609,0,2,1.0,1.0,0.28211971954186454,0,0,1,1,0,0.7320508075688773,0.5773502691896258,1.0,0.0,0.0,1.0,0.0,0.0,0.0
758,1,4,1.0,0.0,0.8527896907958135,1,0,0,0,1,1.0,0.0,0.0,1.0,0.0,0.0,1.0,0.0,0.0
30,2,5,0.0,0.5,0.6280520831104162,0,0,1,1,0,0.0,1.0000000000000002,1.0,0.0,0.0,0.0,0.0,0.0,1.0
124,4,3,1.0,0.0,0.38780510833258797,0,1,0,1,0,0.7320508075688773,0.5773502691896258,0.0,1.0,0.0,0.0,0.0,1.0,0.0
678,4,3,1.0,1.0,0.7614083126986269,0,0,1,1,0,1.0,0.0,1.0,0.0,0.0,0.0,0.0,1.0,0.0
3,4,4,1.0,0.0,0.7056162012924543,0,0,1,1,0,0.0,1.0000000000000002,1.0,0.0,0.0,0.0,0.0,1.0,0.0
928,4,3,0.0,0.5,0.9760665087375577,0,1,0,1,0,0.7320508075688773,0.5773502691896258,1.0,0.0,0.0,0.0,0.0,1.0,0.0
424,4,5,0.0,0.0,0.3426840682143859,0,1,0,1,0,1.0,0.0,1.0,0.0,0.0,0.0,0.0,1.0,0.0
778,2,5,0.0,0.0,0.3417936517757778,0,1,0,1,0,0.0,1.0000000000000002,1.0,0.0,0.0,0.0,0.0,0.0,1.0
490,2,1,1.0,0.5,0.2369984324703145,0,1,0,1,0,0.7320508075688773,0.5773502691896258,1.0,0.0,0.0,0.0,0.0,0.0,1.0
765,2,2,1.0,0.0,0.09133864344587383,0,0,1,1,0,1.0,0.0,0.0,1.0,0.0,0.0,0.0,0.0,1.0
286,1,1,1.0,1.0,0.7800681410934316,0,1,0,1,0,0.0,1.0000000000000002,0.0,1.0,0.0,0.0,1.0,0.0,0.0
235,4,2,0.0,1.0,0.3079692807027734,0,1,0,1,0,0.7320508075688773,0.5773502691896258,0.0,1.0,0.0,0.0,0.0,1.0,0.0
122,1,1,1.0,1.0,0.25512464820971426,1,0,0,0,1,1.0,0.0,0.0,1.0,0.0,0.0,1.0,0.0,0.0
982,2,1,1.0,1.0,0.5079111722992988,0,1,0,1,0,0.0,1.0000000000000002,1.0,0.0,0.0,0.0,0.0,0.0,1.0
679,0,5,1.0,0.5,0.693749053238339,0,1,0,1,0,0.7320508075688773,0.5773502691896258,0.0,1.0,0.0,1.0,0.0,0.0,0.0
210,4,1,0.0,0.5,0.5662319618396654,0,0,1,1,0,1.0,0.0,0.0,1.0,0.0,0.0,0.0,1.0,0.0
346,1,4,1.0,1.0,0.00450030753636943,0,1,0,1,0,0.0,1.0000000000000002,0.0,1.0,0.0,0.0,1.0,0.0,0.0
953,4,2,0.0,0.5,0.7056162012924543,1,0,0,0,1,0.7320508075688773,0.5773502691896258,1.0,0.0,0.0,0.0,0.0,1.0,0.0
862,1,2,0.0,0.5,0.8967856390049165,0,1,0,1,0,1.0,0.0,0.0,1.0,0.0,0.0,1.0,0.0,0.0
290,2,2,1.0,0.5,0.09133864344587383,1,0,0,0,1,0.0,1.0000000000000002,1.0,0.0,0.0,0.0,0.0,0.0,1.0
93,3,2,0.0,0.0,0.04018405783270129,0,0,1,1,0,0.7320508075688773,0.5773502691896258,1.0,0.0,1.0,0.0,0.0,0.0,0.0
217,2,4,0.0,0.5,0.4291020995990622,0,1,0,1,0,1.0,0.0,0.0,1.0,0.0,0.0,0.0,0.0,1.0
940,4,5,0.0,0.5,0.3907294431960664,0,1,0,1,0,0.0,1.0000000000000002,1.0,0.0,0.0,0.0,0.0,1.0,0.0
197,1,4,0.0,0.5,0.7992767124108702,1,0,0,0,1,0.7320508075688773,0.5773502691896258,1.0,0.0,0.0,0.0,1.0,0.0,0.0
930,1,2,1.0,0.5,0.2767082684145721,0,0,1,1,0,1.0,0.0,0.0,1.0,0.0,0.0,1.0,0.0,0.0
943,2,4,1.0,0.5,0.46510152274740824,0,1,0,1,0,0.0,1.0000000000000002,0.0,1.0,0.0,0.0,0.0,0.0,1.0
35,1,2,1.0,0.5,0.8274924209003607,1,0,0,0,1,0.7320508075688773,0.5773502691896258,0.0,1.0,0.0,0.0,1.0,0.0,0.0
366,2,2,0.0,1.0,0.4142871734950053,0,0,1,1,0,1.0,0.0,1.0,0.0,0.0,0.0,0.0,0.0,1.0
214,0,3,0.0,0.0,0.14775501401171054,0,1,0,1,0,0.0,1.0000000000000002,0.0,1.0,0.0,1.0,0.0,0.0,0.0
560,0,3,0.0,0.5,0.9252308332854322,1,0,0,0,1,0.7320508075688773,0.5773502691896258,1.0,0.0,0.0,1.0,0.0,0.0,0.0
684,0,2,0.0,0.0,0.8183321392024481,0,0,1,1,0,1.0,0.0,0.0,1.0,0.0,1.0,0.0,0.0,0.0
373,3,1,1.0,1.0,0.744088386209588,0,1,0,1,0,0.0,1.0000000000000002,0.0,1.0,1.0,0.0,0.0,0.0,0.0
623,3,1,0.0,0.0,0.7154027360997657,1,0,0,0,1,0.7320508075688773,0.5773502691896258,1.0,0.0,1.0,0.0,0.0,0.0,0.0
474,1,4,1.0,1.0,0.9120750801727815,0,0,1,1,0,1.0,0.0,0.0,1.0,0.0,0.0,1.0,0.0,0.0
42,3,4,1.0,1.0,0.7194907430076358,0,0,1,1,0,0.0,1.0000000000000002,1.0,0.0,1.0,0.0,0.0,0.0,0.0
394,4,1,1.0,1.0,0.07467966278061233,0,1,0,1,0,0.7320508075688773,0.5773502691896258,1.0,0.0,0.0,0.0,0.0,1.0,0.0
104,3,1,1.0,0.5,0.5052746407717774,1,0,0,0,1,1.0,0.0,0.0,1.0,1.0,0.0,0.0,0.0,0.0
13,3,5,0.0,1.0,0.7753571854346633,0,1,0,1,0,0.0,1.0000000000000002,0.0,1.0,1.0,0.0,0.0,0.0,0.0
868,2,5,1.0,0.0,0.44011974661045405,0,1,0,1,0,0.7320508075688773,0.5773502691896258,1.0,0.0,0.0,0.0,0.0,0.0,1.0
954,2,2,1.0,1.0,0.18675066562670972,0,0,1,1,0,1.0,0.0,0.0,1.0,0.0,0.0,0.0,0.0,1.0
342,3,3,0.0,0.0,0.9337870615692689,0,0,1,1,0,0.0,1.0000000000000002,0.0,1.0,1.0,0.0,0.0,0.0,0.0
754,4,2,1.0,1.0,0.47289093509866253,0,1,0,1,0,0.7320508075688773,0.5773502691896258,0.0,1.0,0.0,0.0,0.0,1.0,0.0
87,2,3,1.0,1.0,0.8212591828400524,0,0,1,1,0,1.0,0.0,0.0,1.0,0.0,0.0,0.0,0.0,1.0
441,3,2,1.0,0.0,0.38078557798461476,0,0,1,1,0,0.0,1.0000000000000002,1.0,0.0,1.0,0.0,0.0,0.0,0.0
878,0,4,0.0,1.0,0.9566570412533832,1,0,0,0,1,0.7320508075688773,0.5773502691896258,1.0,0.0,0.0,1.0,0.0,0.0,0.0
757,1,4,0.0,0.0,0.5310809052607852,0,1,0,1,0,1.0,0.0,0.0,1.0,0.0,0.0,1.0,0.0,0.0
516,2,1,0.0,0.5,0.04245256070957071,0,0,1,1,0,0.0,1.0000000000000002,0.0,1.0,0.0,0.0,0.0,0.0,1.0
915,2,1,0.0,0.0,0.8853162750324155,0,0,1,1,0,0.7320508075688773,0.5773502691896258,0.0,1.0,0.0,0.0,0.0,0.0,1.0
718,1,4,1.0,0.5,0.3882261863063712,0,1,0,1,0,1.0,0.0,0.0,1.0,0.0,0.0,1.0,0.0,0.0
269,0,3,1.0,0.5,0.9398469102470508,1,0,0,0,1,0.0,1.0000000000000002,0.0,1.0,0.0,1.0,0.0,0.0,0.0
621,4,5,1.0,0.0,0.03173380778492785,0,0,1,1,0,0.7320508075688773,0.5773502691896258,1.0,0.0,0.0,0.0,0.0,1.0,0.0
688,0,3,1.0,0.5,0.12056945297255028,0,1,0,1,0,1.0,0.0,1.0,0.0,0.0,1.0,0.0,0.0,0.0
905,0,2,0.0,1.0,0.10519031397088252,1,0,0,0,1,0.0,1.0000000000000002,1.0,0.0,0.0,1.0,0.0,0.0,0.0
709,2,3,1.0,0.5,0.12208560652064104,0,1,0,1,0,0.7320508075688773,0.5773502691896258,0.0,1.0,0.0,0.0,0.0,0.0,1.0
713,4,2,1.0,0.0,0.26933986587910974,1,0,0,0,1,1.0,0.0,1.0,0.0,0.0,0.0,0.0,1.0,0.0
158,0,4,1.0,0.5,0.5314955886602619,1,0,0,0,1,0.0,1.0000000000000002,0.0,1.0,0.0,1.0,0.0,0.0,0.0
400,0,1,1.0,0.5,0.2795711544125221,0,1,0,1,0,0.7320508075688773,0.5773502691896258,1.0,0.0,0.0,1.0,0.0,0.0,0.0
318,4,2,1.0,0.0,0.2845455744359593,0,0,1,1,0,1.0,0.0,1.0,0.0,0.0,0.0,0.0,1.0,0.0
699,0,2,1.0,1.0,0.8222118397677138,0,0,1,1,0,0.0,1.0000000000000002,0.0,1.0,0.0,1.0,0.0,0.0,0.0
1,4,5,0.0,0.0,0.5716135326849661,0,1,0,1,0,0.7320508075688773,0.5773502691896258,1.0,0.0,0.0,0.0,0.0,1.0,0.0
367,1,3,0.0,0.0,0.14296200575606033,0,1,0,1,0,1.0,0.0,1.0,0.0,0.0,0.0,1.0,0.0,0.0
578,4,1,1.0,0.5,0.9300015347079715,1,0,0,0,1,0.0,1.0000000000000002,1.0,0.0,0.0,0.0,0.0,1.0,0.0
951,2,1,0.0,1.0,0.4133896881796333,0,0,1,1,0,0.7320508075688773,0.5773502691896258,0.0,1.0,0.0,0.0,0.0,0.0,1.0
54,1,2,1.0,0.0,0.30069523386557284,0,0,1,1,0,1.0,0.0,0.0,1.0,0.0,0.0,1.0,0.0,0.0
573,0,2,1.0,0.0,0.6904454082443556,0,0,1,1,0,0.0,1.0000000000000002,0.0,1.0,0.0,1.0,0.0,0.0,0.0
93,0,4,0.0,0.0,0.14337877688956846,0,0,1,1,0,0.7320508075688773,0.5773502691896258,1.0,0.0,0.0,1.0,0.0,0.0,0.0
320,3,4,1.0,0.0,0.684106190955752,1,0,0,0,1,1.0,0.0,1.0,0.0,1.0,0.0,0.0,0.0,0.0
325,3,4,0.0,1.0,0.2937507519667997,0,1,0,1,0,0.0,1.0000000000000002,0.0,1.0,1.0,0.0,0.0,0.0,0.0
567,2,5,1.0,0.5,0.5366605679478469,0,0,1,1,0,0.7320508075688773,0.5773502691896258,1.0,0.0,0.0,0.0,0.0,0.0,1.0
849,4,5,0.0,0.0,0.06951650538778953,0,0,1,1,0,1.0,0.0,1.0,0.0,0.0,0.0,0.0,1.0,0.0
944,0,3,1.0,0.0,0.8055229011054519,1,0,0,0,1,0.0,1.0000000000000002,1.0,0.0,0.0,1.0,0.0,0.0,0.0
855,3,1,0.0,0.5,0.7148772255192335,0,0,1,1,0,0.7320508075688773,0.5773502691896258,1.0,0.0,1.0,0.0,0.0,0.0,0.0
42,1,2,1.0,1.0,0.9896209101219786,0,0,1,1,0,1.0,0.0,1.0,0.0,0.0,0.0,1.0,0.0,0.0
677,2,2,1.0,0.0,0.6280520831104162,1,0,0,0,1,0.0,1.0000000000000002,0.0,1.0,0.0,0.0,0.0,0.0,1.0
382,4,3,0.0,0.5,0.46121773186855686,0,1,0,1,0,0.7320508075688773,0.5773502691896258,1.0,0.0,0.0,0.0,0.0,1.0,0.0
668,0,4,1.0,0.0,0.1861722974097848,1,0,0,0,1,1.0,0.0,0.0,1.0,0.0,1.0,0.0,0.0,0.0
674,3,1,0.0,0.5,0.900765790849285,1,0,0,0,1,0.0,1.0000000000000002,0.0,1.0,1.0,0.0,0.0,0.0,0.0
336,4,1,1.0,0.5,0.3028175212255255,0,0,1,1,0,0.7320508075688773,0.5773502691896258,0.0,1.0,0.0,0.0,0.0,1.0,0.0
484,3,1,1.0,0.0,0.5715456773712684,0,1,0,1,0,1.0,0.0,1.0,0.0,1.0,0.0,0.0,0.0,0.0
923,3,2,1.0,1.0,0.9400473303738548,1,0,0,0,1,0.0,1.0000000000000002,1.0,0.0,1.0,0.0,0.0,0.0,0.0
799,1,1,0.0,1.0,0.37297622196760427,0,1,0,1,0,0.7320508075688773,0.5773502691896258,1.0,0.0,0.0,0.0,1.0,0.0,0.0
239,3,5,1.0,0.0,0.34619173006423987,1,0,0,0,1,1.0,0.0,0.0,1.0,1.0,0.0,0.0,0.0,0.0
174,2,1,0.0,0.5,0.4076471119707663,0,0,1,1,0,0.0,1.0000000000000002,0.0,1.0,0.0,0.0,0.0,0.0,1.0
985,1,4,0.0,0.5,0.4635977764918402,0,1,0,1,0,0.7320508075688773,0.5773502691896258,0.0,1.0,0.0,0.0,1.0,0.0,0.0
812,1,3,1.0,0.0,0.785910518989136,1,0,0,0,1,1.0,0.0,0.0,1.0,0.0,0.0,1.0,0.0,0.0
459,0,2,0.0,0.0,0.012142047897673258,0,0,1,1,0,0.0,1.0000000000000002,1.0,0.0,0.0,1.0,0.0,0.0,0.0
873,3,2,1.0,0.0,0.9490363950419929,0,0,1,1,0,0.7320508075688773,0.5773502691896258,1.0,0.0,1.0,0.0,0.0,0.0,0.0
230,0,3,1.0,0.5,0.1377269507680574,1,0,0,0,1,1.0,0.0,1.0,0.0,0.0,1.0,0.0,0.0,0.0
391,4,3,0.0,0.5,0.39853447726070756,0,1,0,1,0,0.0,1.0000000000000002,1.0,0.0,0.0,0.0,0.0,1.0,0.0
272,2,2,1.0,0.0,0.8800383087931878,1,0,0,0,1,0.7320508075688773,0.5773502691896258,0.0,1.0,0.0,0.0,0.0,0.0,1.0
407,3,2,1.0,0.5,0.306282074228196,1,0,0,0,1,1.0,0.0,1.0,0.0,1.0,0.0,0.0,0.0,0.0
384,1,3,0.0,1.0,0.6026404525585263,0,0,1,1,0,0.0,1.0000000000000002,0.0,1.0,0.0,0.0,1.0,0.0,0.0
468,2,5,0.0,0.0,0.2571360563081364,0,0,1,1,0,0.7320508075688773,0.5773502691896258,0.0,1.0,0.0,0.0,0.0,0.0,1.0
647,4,4,1.0,0.5,0.15762578039071506,1,0,0,0,1,1.0,0.0,1.0,0.0,0.0,0.0,0.0,1.0,0.0
148,1,4,1.0,0.5,0.2524678398291269,0,1,0,1,0,0.0,1.0000000000000002,0.0,1.0,0.0,0.0,1.0,0.0,0.0
612,0,5,1.0,0.0,0.8551804615946144,0,0,1,1,0,0.7320508075688773,0.5773502691896258,1.0,0.0,0.0,1.0,0.0,0.0,0.0
942,2,1,0.0,0.0,0.12208560652064104,0,0,1,1,0,1.0,0.0,0.0,1.0,0.0,0.0,0.0,0.0,1.0
448,0,2,0.0,0.0,0.8354714304969852,0,1,0,1,0,0.0,1.0000000000000002,0.0,1.0,0.0,1.0,0.0,0.0,0.0
332,1,1,1.0,0.5,0.4772242130911768,1,0,0,0,1,0.7320508075688773,0.5773502691896258,1.0,0.0,0.0,0.0,1.0,0.0,0.0
191,2,1,1.0,0.5,0.9545610439200156,1,0,0,0,1,1.0,0.0,0.0,1.0,0.0,0.0,0.0,0.0,1.0
774,4,2,0.0,1.0,0.9001228428501133,0,0,1,1,0,0.0,1.0000000000000002,0.0,1.0,0.0,0.0,0.0,1.0,0.0
44,3,5,1.0,1.0,0.15307853106085245,1,0,0,0,1,0.7320508075688773,0.5773502691896258,0.0,1.0,1.0,0.0,0.0,0.0,0.0
916,0,1,0.0,1.0,0.22318745377457994,0,1,0,1,0,1.0,0.0,1.0,0.0,0.0,1.0,0.0,0.0,0.0
850,4,4,1.0,0.0,0.9300015347079715,0,1,0,1,0,0.0,1.0000000000000002,0.0,1.0,0.0,0.0,0.0,1.0,0.0
349,1,1,1.0,0.5,0.4485858774680511,0,1,0,1,0,0.7320508075688773,0.5773502691896258,1.0,0.0,0.0,0.0,1.0,0.0,0.0
158,0,2,1.0,0.5,0.012142047897673258,1,0,0,0,1,1.0,0.0,0.0,1.0,0.0,1.0,0.0,0.0,0.0
480,3,2,1.0,0.0,0.4424621623256564,0,0,1,1,0,0.0,1.0000000000000002,1.0,0.0,1.0,0.0,0.0,0.0,0.0
870,2,2,1.0,1.0,0.25661029571786687,0,0,1,1,0,0.7320508075688773,0.5773502691896258,1.0,0.0,0.0,0.0,0.0,0.0,1.0
466,2,4,0.0,1.0,0.8881933728885234,0,1,0,1,0,1.0,0.0,1.0,0.0,0.0,0.0,0.0,0.0,1.0
769,4,1,1.0,0.5,0.46121773186855686,0,1,0,1,0,0.0,1.0000000000000002,1.0,0.0,0.0,0.0,0.0,1.0,0.0
260,0,5,0.0,0.0,0.8423740327645572,1,0,0,0,1,0.7320508075688773,0.5773502691896258,1.0,0.0,0.0,1.0,0.0,0.0,0.0
937,0,1,1.0,1.0,0.6545167104064942,0,1,0,1,0,1.0,0.0,1.0,0.0,0.0,1.0,0.0,0.0,0.0
82,3,4,1.0,0.0,0.3070363104589977,0,1,0,1,0,0.0,1.0000000000000002,0.0,1.0,1.0,0.0,0.0,0.0,0.0
348,0,4,0.0,0.0,0.5515590657008613,0,0,1,1,0,0.7320508075688773,0.5773502691896258,1.0,0.0,0.0,1.0,0.0,0.0,0.0
814,0,1,0.0,1.0,0.6811320527153693,0,1,0,1,0,1.0,0.0,0.0,1.0,0.0,1.0,0.0,0.0,0.0
769,4,3,1.0,0.5,0.9209711694136904,0,1,0,1,0,0.0,1.0000000000000002,1.0,0.0,0.0,0.0,0.0,1.0,0.0
9,3,4,1.0,0.0,0.11955010022224988,0,0,1,1,0,0.7320508075688773,0.5773502691896258,1.0,0.0,1.0,0.0,0.0,0.0,0.0
528,2,2,1.0,0.5,0.967289958496584,0,0,1,1,0,1.0,0.0,1.0,0.0,0.0,0.0,0.0,0.0,1.0
197,4,4,0.0,0.5,0.8065733562128057,1,0,0,0,1,0.0,1.0000000000000002,1.0,0.0,0.0,0.0,0.0,1.0,0.0
834,4,4,1.0,0.5,0.32727844699966235,0,0,1,1,0,0.7320508075688773,0.5773502691896258,0.0,1.0,0.0,0.0,0.0,1.0,0.0
168,4,5,0.0,1.0,0.7910723440841729,0,0,1,1,0,1.0,0.0,1.0,0.0,0.0,0.0,0.0,1.0,0.0
711,4,2,1.0,0.5,0.6352201936773807,0,0,1,1,0,0.0,1.0000000000000002,0.0,1.0,0.0,0.0,0.0,1.0,0.0
302,2,1,0.0,1.0,0.25633741916304364,1,0,0,0,1,0.7320508075688773,0.5773502691896258,0.0,1.0,0.0,0.0,0.0,0.0,1.0
647,1,1,1.0,0.5,0.6091463601137179,1,0,0,0,1,1.0,0.0,1.0,0.0,0.0,0.0,1.0,0.0,0.0
418,1,4,0.0,1.0,0.8883111232650172,0,1,0,1,0,0.0,1.0000000000000002,1.0,0.0,0.0,0.0,1.0,0.0,0.0
972,1,1,1.0,0.0,0.8774084589179396,0,0,1,1,0,0.7320508075688773,0.5773502691896258,1.0,0.0,0.0,0.0,1.0,0.0,0.0
745,4,4,0.0,1.0,0.10852615602231186,0,1,0,1,0,1.0,0.0,1.0,0.0,0.0,0.0,0.0,1.0,0.0
878,4,4,0.0,1.0,0.9246746880314487,1,0,0,0,1,0.0,1.0000000000000002,1.0,0.0,0.0,0.0,0.0,1.0,0.0
101,0,4,1.0,0.0,0.8432506424007271,1,0,0,0,1,0.7320508075688773,0.5773502691896258,1.0,0.0,0.0,1.0,0.0,0.0,0.0
888,1,3,1.0,0.0,0.9793984548454557,0,0,1,1,0,1.0,0.0,1.0,0.0,0.0,0.0,1.0,0.0,0.0
865,3,2,1.0,0.5,0.7276855328551801,0,1,0,1,0,0.0,1.0000000000000002,0.0,1.0,1.0,0.0,0.0,0.0,0.0
394,4,1,1.0,1.0,0.10452869297973866,0,1,0,1,0,0.7320508075688773,0.5773502691896258,1.0,0.0,0.0,0.0,0.0,1.0,0.0
106,3,1,0.0,0.0,0.634089229548517,0,1,0,1,0,1.0,0.0,0.0,1.0,1.0,0.0,0.0,0.0,0.0
722,0,1,0.0,0.0,0.4587557401089595,1,0,0,0,1,0.0,1.0000000000000002,1.0,0.0,0.0,1.0,0.0,0.0,0.0
654,1,2,1.0,0.0,0.8514763922288302,0,0,1,1,0,0.7320508075688773,0.5773502691896258,1.0,0.0,0.0,0.0,1.0,0.0,0.0
520,2,4,1.0,0.0,0.9545610439200156,0,1,0,1,0,1.0,0.0,1.0,0.0,0.0,0.0,0.0,0.0,1.0
184,1,3,0.0,1.0,0.04860553024324288,0,1,0,1,0,0.0,1.0000000000000002,0.0,1.0,0.0,0.0,1.0,0.0,0.0
328,0,1,1.0,0.0,0.7802852836185301,0,1,0,1,0,0.7320508075688773,0.5773502691896258,1.0,0.0,0.0,1.0,0.0,0.0,0.0
846,2,2,0.0,1.0,0.09145838977986953,0,0,1,1,0,1.0,0.0,0.0,1.0,0.0,0.0,0.0,0.0,1.0
902,4,2,1.0,1.0,0.26501171155714554,1,0,0,0,1,0.0,1.0000000000000002,1.0,0.0,0.0,0.0,0.0,1.0,0.0
806,2,1,1.0,0.5,0.11124383232724222,1,0,0,0,1,0.7320508075688773,0.5773502691896258,0.0,1.0,0.0,0.0,0.0,0.0,1.0
597,4,2,0.0,0.0,0.06951650538778953,0,0,1,1,0,1.0,0.0,1.0,0.0,0.0,0.0,0.0,1.0,0.0
465,4,2,0.0,0.5,0.8595528372154644,0,0,1,1,0,0.0,1.0000000000000002,0.0,1.0,0.0,0.0,0.0,1.0,0.0
401,2,5,0.0,0.5,0.7758431779455095,1,0,0,0,1,0.7320508075688773,0.5773502691896258,0.0,1.0,0.0,0.0,0.0,0.0,1.0
868,2,1,1.0,0.0,0.9648370867330036,0,1,0,1,0,1.0,0.0,1.0,0.0,0.0,0.0,0.0,0.0,1.0
686,2,1,1.0,1.0,0.5079111722992988,1,0,0,0,1,0.0,1.0000000000000002,0.0,1.0,0.0,0.0,0.0,0.0,1.0
55,1,3,1.0,0.0,0.255383172117599,0,1,0,1,0,0.7320508075688773,0.5773502691896258,1.0,0.0,0.0,0.0,1.0,0.0,0.0
934,4,1,1.0,1.0,0.9608467405998122,0,1,0,1,0,1.0,0.0,1.0,0.0,0.0,0.0,0.0,1.0,0.0
188,0,5,0.0,0.0,0.6309310688035503,1,0,0,0,1,0.0,1.0000000000000002,1.0,0.0,0.0,1.0,0.0,0.0,0.0
651,3,2,1.0,0.0,0.9196823001521879,0,0,1,1,0,0.7320508075688773,0.5773502691896258,0.0,1.0,1.0,0.0,0.0,0.0,0.0
950,0,4,1.0,0.0,0.8432506424007271,1,0,0,0,1,1.0,0.0,0.0,1.0,0.0,1.0,0.0,0.0,0.0
978,2,4,1.0,0.5,0.6280520831104162,0,0,1,1,0,0.0,1.0000000000000002,1.0,0.0,0.0,0.0,0.0,0.0,1.0
999,4,3,1.0,1.0,0.9468728371634803,0,0,1,1,0,0.7320508075688773,0.5773502691896258,0.0,1.0,0.0,0.0,0.0,1.0,0.0
184,3,1,0.0,1.0,0.9036095093450087,0,1,0,1,0,1.0,0.0,0.0,1.0,1.0,0.0,0.0,0.0,0.0
372,0,2,0.0,1.0,0.887941317474914,0,0,1,1,0,0.0,1.0000000000000002,1.0,0.0,0.0,1.0,0.0,0.0,0.0
778,3,1,0.0,0.0,0.6885556625521105,0,1,0,1,0,0.7320508075688773,0.5773502691896258,1.0,0.0,1.0,0.0,0.0,0.0,0.0
135,4,5,0.0,1.0,0.14281433904682306,0,0,1,1,0,1.0,0.0,1.0,0.0,0.0,0.0,0.0,1.0,0.0
945,2,3,1.0,0.0,0.8481069791220599,0,0,1,1,0,0.0,1.0000000000000002,0.0,1.0,0.0,0.0,0.0,0.0,1.0
102,2,2,0.0,1.0,0.623849806587994,0,0,1,1,0,0.7320508075688773,0.5773502691896258,1.0,0.0,0.0,0.0,0.0,0.0,1.0
374,1,2,0.0,0.5,0.26754796886688004,1,0,0,0,1,1.0,0.0,1.0,0.0,0.0,0.0,1.0,0.0,0.0
526,3,3,0.0,0.0,0.7148772255192335,0,1,0,1,0,0.0,1.0000000000000002,0.0,1.0,1.0,0.0,0.0,0.0,0.0
294,3,3,1.0,0.0,0.684106190955752,0,0,1,1,0,0.7320508075688773,0.5773502691896258,0.0,1.0,1.0,0.0,0.0,0.0,0.0
800,2,1,0.0,1.0,0.041892171877873086,1,0,0,0,1,1.0,0.0,1.0,0.0,0.0,0.0,0.0,0.0,1.0
893,4,3,1.0,0.5,0.43569355545250543,1,0,0,0,1,0.0,1.0000000000000002,0.0,1.0,0.0,0.0,0.0,1.0,0.0
614,3,5,1.0,1.0,0.33407831775891905,1,0,0,0,1,0.7320508075688773,0.5773502691896258,1.0,0.0,1.0,0.0,0.0,0.0,0.0
826,1,4,1.0,0.0,0.8321510927306339,0,1,0,1,0,1.0,0.0,1.0,0.0,0.0,0.0,1.0,0.0,0.0
507,0,2,1.0,1.0,0.8222118397677138,0,0,1,1,0,0.0,1.0000000000000002,1.0,0.0,0.0,1.0,0.0,0.0,0.0
315,1,1,1.0,0.0,0.7401203248636876,0,0,1,1,0,0.7320508075688773,0.5773502691896258,0.0,1.0,0.0,0.0,1.0,0.0,0.0
102,4,3,0.0,1.0,0.8595528372154644,0,0,1,1,0,1.0,0.0,1.0,0.0,0.0,0.0,0.0,1.0,0.0
166,2,5,1.0,0.0,0.44011974661045405,0,1,0,1,0,0.0,1.0000000000000002,0.0,1.0,0.0,0.0,0.0,0.0,1.0
11,2,3,1.0,1.0,0.5922039118548459,1,0,0,0,1,0.7320508075688773,0.5773502691896258,0.0,1.0,0.0,0.0,0.0,0.0,1.0
56,0,5,0.0,0.5,0.16932436680404495,1,0,0,0,1,1.0,0.0,0.0,1.0,0.0,1.0,0.0,0.0,0.0
722,4,2,0.0,0.0,0.9133988423842667,1,0,0,0,1,0.0,1.0000000000000002,1.0,0.0,0.0,0.0,0.0,1.0,0.0
50,2,3,1.0,0.0,0.9836296251059742,1,0,0,0,1,0.7320508075688773,0.5773502691896258,1.0,0.0,0.0,0.0,0.0,0.0,1.0
300,2,1,1.0,0.5,0.13055355398095703,0,0,1,1,0,1.0,0.0,1.0,0.0,0.0,0.0,0.0,0.0,1.0
834,4,5,1.0,0.5,0.31587276600242165,0,0,1,1,0,0.0,1.0000000000000002,0.0,1.0,0.0,0.0,0.0,1.0,0.0
209,0,1,0.0,0.5,0.10519031397088252,1,0,0,0,1,0.7320508075688773,0.5773502691896258,0.0,1.0,0.0,1.0,0.0,0.0,0.0
700,3,4,0.0,1.0,0.838527940906959,0,1,0,1,0,1.0,0.0,0.0,1.0,1.0,0.0,0.0,0.0,0.0
303,1,2,1.0,1.0,0.00450030753636943,0,0,1,1,0,0.0,1.0000000000000002,1.0,0.0,0.0,0.0,1.0,0.0,0.0
809,1,5,0.0,1.0,0.8432933643484977,1,0,0,0,1,0.7320508075688773,0.5773502691896258,0.0,1.0,0.0,0.0,1.0,0.0,0.0
849,4,2,0.0,0.0,0.88159316494442,0,0,1,1,0,1.0,0.0,1.0,0.0,0.0,0.0,0.0,1.0,0.0
220,4,3,1.0,0.0,0.0708513027036175,0,1,0,1,0,0.0,1.0000000000000002,1.0,0.0,0.0,0.0,0.0,1.0,0.0
896,2,4,1.0,1.0,0.5739013982844372,1,0,0,0,1,0.7320508075688773,0.5773502691896258,1.0,0.0,0.0,0.0,0.0,0.0,1.0
637,2,1,0.0,0.0,0.8409331119570775,0,1,0,1,0,1.0,0.0,0.0,1.0,0.0,0.0,0.0,0.0,1.0
98,1,1,1.0,0.0,0.41519846265282334,1,0,0,0,1,0.0,1.0000000000000002,0.0,1.0,0.0,0.0,1.0,0.0,0.0
631,2,1,0.0,1.0,0.7495860420127589,0,1,0,1,0,0.7320508075688773,0.5773502691896258,1.0,0.0,0.0,0.0,0.0,0.0,1.0
43,3,1,0.0,1.0,0.13390155366294776,0,1,0,1,0,1.0,0.0,1.0,0.0,1.0,0.0,0.0,0.0,0.0
961,3,2,0.0,1.0,0.27717324706516466,0,1,0,1,0,0.0,1.0000000000000002,1.0,0.0,1.0,0.0,0.0,0.0,0.0
689,3,3,0.0,0.0,0.08390137282960275,1,0,0,0,1,0.7320508075688773,0.5773502691896258,0.0,1.0,1.0,0.0,0.0,0.0,0.0
729,2,3,1.0,0.0,0.5849396834251936,0,0,1,1,0,1.0,0.0,1.0,0.0,0.0,0.0,0.0,0.0,1.0
970,3,5,0.0,0.0,0.46630814235306106,0,1,0,1,0,0.0,1.0000000000000002,1.0,0.0,1.0,0.0,0.0,0.0,0.0
934,4,2,1.0,1.0,0.3248965664746515,0,1,0,1,0,0.7320508075688773,0.5773502691896258,1.0,0.0,0.0,0.0,0.0,1.0,0.0
498,1,1,0.0,0.0,0.04185546433327714,0,0,1,1,0,1.0,0.0,0.0,1.0,0.0,0.0,1.0,0.0,0.0
531,0,4,0.0,0.5,0.4714295499989949,0,0,1,1,0,0.0,1.0000000000000002,1.0,0.0,0.0,1.0,0.0,0.0,0.0
15,4,4,0.0,1.0,0.4224915979127428,0,0,1,1,0,0.7320508075688773,0.5773502691896258,0.0,1.0,0.0,0.0,0.0,1.0,0.0
228,3,1,0.0,0.0,0.6889000302618427,0,0,1,1,0,1.0,0.0,1.0,0.0,1.0,0.0,0.0,0.0,0.0
637,0,5,0.0,0.0,0.8276259580799912,0,1,0,1,0,0.0,1.0000000000000002,0.0,1.0,0.0,1.0,0.0,0.0,0.0
366,4,1,0.0,1.0,0.9133988423842667,0,0,1,1,0,0.7320508075688773,0.5773502691896258,1.0,0.0,0.0,0.0,0.0,1.0,0.0
823,2,3,0.0,1.0,0.26039816149562034,0,1,0,1,0,1.0,0.0,1.0,0.0,0.0,0.0,0.0,0.0,1.0
693,1,1,1.0,0.0,0.5764049686146762,0,0,1,1,0,0.0,1.0000000000000002,0.0,1.0,0.0,0.0,1.0,0.0,0.0
837,0,3,1.0,1.0,0.8354714304969852,0,0,1,1,0,0.7320508075688773,0.5773502691896258,1.0,0.0,0.0,1.0,0.0,0.0,0.0
216,0,1,0.0,1.0,0.3468159266006068,0,0,1,1,0,1.0,0.0,1.0,0.0,0.0,1.0,0.0,0.0,0.0
798,3,5,1.0,0.5,0.6396106208581807,0,0,1,1,0,0.0,1.0000000000000002,0.0,1.0,1.0,0.0,0.0,0.0,0.0
207,0,3,1.0,1.0,0.13232206735571772,0,0,1,1,0,0.7320508075688773,0.5773502691896258,0.0,1.0,0.0,1.0,0.0,0.0,0.0
187,0,4,0.0,0.0,0.4324170619368588,0,1,0,1,0,1.0,0.0,1.0,0.0,0.0,1.0,0.0,0.0,0.0
208,1,3,0.0,1.0,0.255383172117599,0,1,0,1,0,0.0,1.0000000000000002,0.0,1.0,0.0,0.0,1.0,0.0,0.0
308,3,3,1.0,1.0,0.3700582882099712,1,0,0,0,1,0.7320508075688773,0.5773502691896258,1.0,0.0,1.0,0.0,0.0,0.0,0.0
95,0,2,1.0,0.5,0.04458867995638993,1,0,0,0,1,1.0,0.0,1.0,0.0,0.0,1.0,0.0,0.0,0.0
103,1,2,0.0,0.0,0.1501339675824389,0,1,0,1,0,0.0,1.0000000000000002,1.0,0.0,0.0,0.0,1.0,0.0,0.0
63,0,2,1.0,0.0,0.4241979546843013,0,0,1,1,0,0.7320508075688773,0.5773502691896258,0.0,1.0,0.0,1.0,0.0,0.0,0.0
397,3,3,1.0,0.0,0.18690781349813834,0,1,0,1,0,1.0,0.0,1.0,0.0,1.0,0.0,0.0,0.0,0.0
240,3,2,0.0,1.0,0.48563364369263384,0,0,1,1,0,0.0,1.0000000000000002,1.0,0.0,1.0,0.0,0.0,0.0,0.0
153,2,2,0.0,0.0,0.8236651977793765,0,0,1,1,0,0.7320508075688773,0.5773502691896258,1.0,0.0,0.0,0.0,0.0,0.0,1.0
930,4,2,1.0,0.5,0.09987258492100848,0,0,1,1,0,1.0,0.0,0.0,1.0,0.0,0.0,0.0,1.0,0.0
72,2,3,1.0,0.5,0.5769377533297315,0,0,1,1,0,0.0,1.0000000000000002,0.0,1.0,0.0,0.0,0.0,0.0,1.0
928,1,4,0.0,0.5,0.33863394155082327,0,1,0,1,0,0.7320508075688773,0.5773502691896258,1.0,0.0,0.0,0.0,1.0,0.0,0.0
213,3,4,0.0,1.0,0.31671505097266683,0,0,1,1,0,1.0,0.0,0.0,1.0,1.0,0.0,0.0,0.0,0.0
94,3,1,0.0,1.0,0.06757933526193005,0,1,0,1,0,0.0,1.0000000000000002,0.0,1.0,1.0,0.0,0.0,0.0,0.0
773,1,3,0.0,0.0,0.15489284528482195,1,0,0,0,1,0.7320508075688773,0.5773502691896258,0.0,1.0,0.0,0.0,1.0,0.0,0.0
712,4,3,1.0,0.0,0.5459965233180148,0,1,0,1,0,1.0,0.0,1.0,0.0,0.0,0.0,0.0,1.0,0.0
201,1,3,1.0,0.5,0.22946193107819335,0,0,1,1,0,0.0,1.0000000000000002,0.0,1.0,0.0,0.0,1.0,0.0,0.0
336,0,2,1.0,0.5,0.20871932921217917,0,0,1,1,0,0.7320508075688773,0.5773502691896258,0.0,1.0,0.0,1.0,0.0,0.0,0.0
360,3,2,1.0,1.0,0.7706450315134226,0,0,1,1,0,1.0,0.0,1.0,0.0,1.0,0.0,0.0,0.0,0.0
990,4,3,1.0,1.0,0.3053310660027484,0,0,1,1,0,0.0,1.0000000000000002,1.0,0.0,0.0,0.0,0.0,1.0,0.0
939,2,3,1.0,0.0,0.7580724152687943,0,0,1,1,0,0.7320508075688773,0.5773502691896258,1.0,0.0,0.0,0.0,0.0,0.0,1.0
305,4,1,0.0,0.0,0.5373888535539098,1,0,0,0,1,1.0,0.0,1.0,0.0,0.0,0.0,0.0,1.0,0.0
168,4,2,0.0,1.0,0.5662319618396654,0,0,1,1,0,0.0,1.0000000000000002,1.0,0.0,0.0,0.0,0.0,1.0,0.0
250,0,3,0.0,0.0,0.17258829248232432,0,1,0,1,0,0.7320508075688773,0.5773502691896258,0.0,1.0,0.0,1.0,0.0,0.0,0.0
564,1,3,1.0,0.0,0.3498833067729241,0,0,1,1,0,1.0,0.0,0.0,1.0,0.0,0.0,1.0,0.0,0.0
328,1,5,1.0,0.0,0.9985512804147105,0,1,0,1,0,0.0,1.0000000000000002,1.0,0.0,0.0,0.0,1.0,0.0,0.0
607,1,2,0.0,0.0,0.8274924209003607,0,1,0,1,0,0.7320508075688773,0.5773502691896258,0.0,1.0,0.0,0.0,1.0,0.0,0.0
281,1,5,1.0,1.0,0.516097748294881,1,0,0,0,1,1.0,0.0,0.0,1.0,0.0,0.0,1.0,0.0,0.0
185,1,3,1.0,0.5,0.0461755095150882,1,0,0,0,1,0.0,1.0000000000000002,1.0,0.0,0.0,0.0,1.0,0.0,0.0
830,1,2,0.0,0.0,0.0461755095150882,1,0,0,0,1,0.7320508075688773,0.5773502691896258,0.0,1.0,0.0,0.0,1.0,0.0,0.0
200,4,3,0.0,0.5,0.3872363170013462,1,0,0,0,1,1.0,0.0,0.0,1.0,0.0,0.0,0.0,1.0,0.0
265,4,1,0.0,0.0,0.8529713893177138,0,1,0,1,0,0.0,1.0000000000000002,0.0,1.0,0.0,0.0,0.0,1.0,0.0
925,1,3,1.0,1.0,0.3765795056912702,0,1,0,1,0,0.7320508075688773,0.5773502691896258,0.0,1.0,0.0,0.0,1.0,0.0,0.0
500,0,5,0.0,0.5,0.2226534618087337,1,0,0,0,1,1.0,0.0,1.0,0.0,0.0,1.0,0.0,0.0,0.0
912,4,3,0.0,0.5,0.44339249797223035,0,0,1,1,0,0.0,1.0000000000000002,0.0,1.0,0.0,0.0,0.0,1.0,0.0
602,0,5,0.0,1.0,0.3948956498025349,1,0,0,0,1,0.7320508075688773,0.5773502691896258,1.0,0.0,0.0,1.0,0.0,0.0,0.0
26,0,5,1.0,0.0,0.30998471386380766,1,0,0,0,1,1.0,0.0,0.0,1.0,0.0,1.0,0.0,0.0,0.0
992,2,1,0.0,1.0,0.44011974661045405,1,0,0,0,1,0.0,1.0000000000000002,0.0,1.0,0.0,0.0,0.0,0.0,1.0
123,1,3,1.0,0.5,0.09434175855938287,0,0,1,1,0,0.7320508075688773,0.5773502691896258,1.0,0.0,0.0,0.0,1.0,0.0,0.0
274,0,4,0.0,1.0,0.8183321392024481,0,1,0,1,0,1.0,0.0,0.0,1.0,0.0,1.0,0.0,0.0,0.0
478,2,2,1.0,0.0,0.7224228104411643,0,1,0,1,0,0.0,1.0000000000000002,0.0,1.0,0.0,0.0,0.0,0.0,1.0
694,3,2,0.0,0.0,0.35087658818991896,0,1,0,1,0,0.7320508075688773,0.5773502691896258,1.0,0.0,1.0,0.0,0.0,0.0,0.0
964,4,2,0.0,0.0,0.3134794588936072,0,1,0,1,0,1.0,0.0,1.0,0.0,0.0,0.0,0.0,1.0,0.0
402,1,2,1.0,0.0,0.1949183556016889,0,0,1,1,0,0.0,1.0000000000000002,0.0,1.0,0.0,0.0,1.0,0.0,0.0
803,3,5,1.0,0.5,0.08390137282960275,1,0,0,0,1,0.7320508075688773,0.5773502691896258,1.0,0.0,1.0,0.0,0.0,0.0,0.0
159,0,3,0.0,0.0,0.7802852836185301,0,0,1,1,0,1.0,0.0,0.0,1.0,0.0,1.0,0.0,0.0,0.0
34,3,5,0.0,1.0,0.5336689325724149,0,1,0,1,0,0.0,1.0000000000000002,1.0,0.0,1.0,0.0,0.0,0.0,0.0
419,1,1,1.0,0.5,0.35146493383157074,1,0,0,0,1,0.7320508075688773,0.5773502691896258,0.0,1.0,0.0,0.0,1.0,0.0,0.0
851,4,3,1.0,0.0,0.8701767744834501,1,0,0,0,1,1.0,0.0,1.0,0.0,0.0,0.0,0.0,1.0,0.0
328,0,1,1.0,0.0,0.3782011684996047,0,1,0,1,0,0.0,1.0000000000000002,1.0,0.0,0.0,1.0,0.0,0.0,0.0
868,4,5,1.0,0.0,0.9246746880314487,0,1,0,1,0,0.7320508075688773,0.5773502691896258,1.0,0.0,0.0,0.0,0.0,1.0,0.0
220,1,5,1.0,0.0,0.9120750801727815,0,1,0,1,0,1.0,0.0,1.0,0.0,0.0,0.0,1.0,0.0,0.0
100,1,3,0.0,0.5,0.4485858774680511,0,1,0,1,0,0.0,1.0000000000000002,1.0,0.0,0.0,0.0,1.0,0.0,0.0
590,4,4,0.0,1.0,0.10852615602231186,1,0,0,0,1,0.7320508075688773,0.5773502691896258,0.0,1.0,0.0,0.0,0.0,1.0,0.0
542,3,1,1.0,0.5,0.38179990419034526,1,0,0,0,1,1.0,0.0,1.0,0.0,1.0,0.0,0.0,0.0,0.0
20,2,4,1.0,0.0,0.24858318550024583,1,0,0,0,1,0.0,1.0000000000000002,1.0,0.0,0.0,0.0,0.0,0.0,1.0
793,0,2,1.0,1.0,0.22975505465235102,0,1,0,1,0,0.7320508075688773,0.5773502691896258,0.0,1.0,0.0,1.0,0.0,0.0,0.0
388,0,4,0.0,0.5,0.3924160793611189,0,1,0,1,0,1.0,0.0,0.0,1.0,0.0,1.0,0.0,0.0,0.0
45,2,2,1.0,0.0,0.13822600449101285,0,0,1,1,0,0.0,1.0000000000000002,1.0,0.0,0.0,0.0,0.0,0.0,1.0
299,0,4,1.0,0.5,0.17258829248232432,1,0,0,0,1,0.7320508075688773,0.5773502691896258,1.0,0.0,0.0,1.0,0.0,0.0,0.0
973,1,3,0.0,1.0,0.8917947214055775,0,1,0,1,0,1.0,0.0,1.0,0.0,0.0,0.0,1.0,0.0,0.0
106,0,2,0.0,0.0,0.40595286230682026,0,1,0,1,0,0.0,1.0000000000000002,0.0,1.0,0.0,1.0,0.0,0.0,0.0
233,3,5,0.0,0.5,0.212724185500472,1,0,0,0,1,0.7320508075688773,0.5773502691896258,0.0,1.0,1.0,0.0,0.0,0.0,0.0
148,4,1,1.0,0.5,0.3310731789515109,0,1,0,1,0,1.0,0.0,0.0,1.0,0.0,0.0,0.0,1.0,0.0
701,3,2,1.0,0.5,0.7668754657883574,1,0,0,0,1,0.0,1.0000000000000002,1.0,0.0,1.0,0.0,0.0,0.0,0.0
276,1,1,0.0,1.0,0.2617806369296791,0,0,1,1,0,0.7320508075688773,0.5773502691896258,0.0,1.0,0.0,0.0,1.0,0.0,0.0
929,3,3,0.0,0.5,0.7901172245561017,1,0,0,0,1,1.0,0.0,0.0,1.0,1.0,0.0,0.0,0.0,0.0
386,3,4,1.0,0.0,0.21534817945084983,1,0,0,0,1,0.0,1.0000000000000002,0.0,1.0,1.0,0.0,0.0,0.0,0.0
824,4,4,1.0,1.0,0.5445783323581321,1,0,0,0,1,0.7320508075688773,0.5773502691896258,0.0,1.0,0.0,0.0,0.0,1.0,0.0
871,3,5,0.0,0.5,0.7560732325477839,0,1,0,1,0,1.0,0.0,0.0,1.0,1.0,0.0,0.0,0.0,0.0
688,1,4,1.0,0.5,0.5145929004400025,0,1,0,1,0,0.0,1.0000000000000002,1.0,0.0,0.0,0.0,1.0,0.0,0.0
546,4,4,0.0,0.0,0.03268799758925267,0,0,1,1,0,0.7320508075688773,0.5773502691896258,1.0,0.0,0.0,0.0,0.0,1.0,0.0
310,1,1,1.0,0.0,0.10237640961208783,0,1,0,1,0,1.0,0.0,0.0,1.0,0.0,0.0,1.0,0.0,0.0
178,0,4,0.0,0.0,0.04838306542002124,0,1,0,1,0,0.0,1.0000000000000002,1.0,0.0,0.0,1.0,0.0,0.0,0.0
906,1,3,0.0,0.5,0.4168549536578783,0,0,1,1,0,0.7320508075688773,0.5773502691896258,0.0,1.0,0.0,0.0,1.0,0.0,0.0
206,2,2,1.0,0.5,0.12839840858084894,1,0,0,0,1,1.0,0.0,1.0,0.0,0.0,0.0,0.0,0.0,1.0
278,2,2,0.0,1.0,0.8409331119570775,1,0,0,0,1,0.0,1.0000000000000002,0.0,1.0,0.0,0.0,0.0,0.0,1.0
177,0,2,1.0,0.5,0.009848322810733112,0,0,1,1,0,0.7320508075688773,0.5773502691896258,0.0,1.0,0.0,1.0,0.0,0.0,0.0
759,0,5,1.0,0.5,0.4150155278131078,0,0,1,1,0,1.0,0.0,1.0,0.0,0.0,1.0,0.0,0.0,0.0
348,2,1,0.0,0.0,0.4580886657158527,0,0,1,1,0,0.0,1.0000000000000002,1.0,0.0,0.0,0.0,0.0,0.0,1.0
212,0,1,1.0,0.0,0.6767507285936936,1,0,0,0,1,0.7320508075688773,0.5773502691896258,1.0,0.0,0.0,1.0,0.0,0.0,0.0
78,4,3,0.0,0.0,0.7573613891671092,0,0,1,1,0,1.0,0.0,0.0,1.0,0.0,0.0,0.0,1.0,0.0
231,3,5,1.0,1.0,0.4882965397321617,0,0,1,1,0,0.0,1.0000000000000002,1.0,0.0,1.0,0.0,0.0,0.0,0.0
875,3,2,1.0,0.0,0.0657718759909609,1,0,0,0,1,0.7320508075688773,0.5773502691896258,0.0,1.0,1.0,0.0,0.0,0.0,0.0
799,3,4,0.0,1.0,0.6767007770861846,0,1,0,1,0,1.0,0.0,1.0,0.0,1.0,0.0,0.0,0.0,0.0
16,3,4,0.0,1.0,0.9757744126162176,0,1,0,1,0,0.0,1.0000000000000002,1.0,0.0,1.0,0.0,0.0,0.0,0.0
254,4,2,0.0,0.5,0.5662319618396654,1,0,0,0,1,0.7320508075688773,0.5773502691896258,1.0,0.0,0.0,0.0,0.0,1.0,0.0
576,1,5,1.0,0.0,0.35146493383157074,0,0,1,1,0,1.0,0.0,1.0,0.0,0.0,0.0,1.0,0.0,0.0
393,2,5,1.0,0.5,0.8853162750324155,0,0,1,1,0,0.0,1.0000000000000002,1.0,0.0,0.0,0.0,0.0,0.0,1.0
322,1,5,1.0,0.0,0.44486984171265176,0,1,0,1,0,0.7320508075688773,0.5773502691896258,1.0,0.0,0.0,0.0,1.0,0.0,0.0
783,2,2,0.0,0.5,0.657088998759289,0,0,1,1,0,1.0,0.0,0.0,1.0,0.0,0.0,0.0,0.0,1.0
535,1,1,0.0,1.0,0.25616402888985546,0,1,0,1,0,0.0,1.0000000000000002,1.0,0.0,0.0,0.0,1.0,0.0,0.0
898,4,3,1.0,0.0,0.9108182158223443,0,1,0,1,0,0.7320508075688773,0.5773502691896258,1.0,0.0,0.0,0.0,0.0,1.0,0.0
821,3,5,0.0,1.0,0.7776931111797851,1,0,0,0,1,1.0,0.0,0.0,1.0,1.0,0.0,0.0,0.0,0.0
928,3,3,0.0,0.5,0.8249784680978212,0,1,0,1,0,0.0,1.0000000000000002,1.0,0.0,1.0,0.0,0.0,0.0,0.0
834,3,2,1.0,0.5,0.9800243092609029,0,0,1,1,0,0.7320508075688773,0.5773502691896258,0.0,1.0,1.0,0.0,0.0,0.0,0.0
21,2,3,0.0,0.0,0.5659393417379497,0,0,1,1,0,1.0,0.0,0.0,1.0,0.0,0.0,0.0,0.0,1.0
234,4,1,0.0,0.0,0.88159316494442,0,0,1,1,0,0.0,1.0000000000000002,0.0,1.0,0.0,0.0,0.0,1.0,0.0
600,0,5,1.0,0.5,0.16043161240794346,0,0,1,1,0,0.7320508075688773,0.5773502691896258,1.0,0.0,0.0,1.0,0.0,0.0,0.0
851,2,4,1.0,0.0,0.5653567923902245,1,0,0,0,1,1.0,0.0,1.0,0.0,0.0,0.0,0.0,0.0,1.0
378,1,2,1.0,0.5,0.41519846265282334,0,0,1,1,0,0.0,1.0000000000000002,1.0,0.0,0.0,0.0,1.0,0.0,0.0
811,2,5,1.0,0.5,0.5255055250374734,0,1,0,1,0,0.7320508075688773,0.5773502691896258,0.0,1.0,0.0,0.0,0.0,0.0,1.0
606,1,3,1.0,1.0,0.9283247374449064,0,0,1,1,0,1.0,0.0,1.0,0.0,0.0,0.0,1.0,0.0,0.0
706,4,2,1.0,0.0,0.47855363549294827,0,1,0,1,0,0.0,1.0000000000000002,1.0,0.0,0.0,0.0,0.0,1.0,0.0
859,4,5,1.0,0.5,0.03173380778492785,0,1,0,1,0,0.7320508075688773,0.5773502691896258,0.0,1.0,0.0,0.0,0.0,1.0,0.0
117,2,2,1.0,0.5,0.9924756175209013,0,0,1,1,0,1.0,0.0,0.0,1.0,0.0,0.0,0.0,0.0,1.0
797,1,2,0.0,0.0,0.10237640961208783,1,0,0,0,1,0.0,1.0000000000000002,1.0,0.0,0.0,0.0,1.0,0.0,0.0
74,4,1,0.0,0.5,0.8282661758659295,1,0,0,0,1,0.7320508075688773,0.5773502691896258,0.0,1.0,0.0,0.0,0.0,1.0,0.0
60,4,2,1.0,0.5,0.7056162012924543,0,0,1,1,0,1.0,0.0,0.0,1.0,0.0,0.0,0.0,1.0,0.0
903,4,5,1.0,0.5,0.41739503647128684,0,0,1,1,0,0.0,1.0000000000000002,0.0,1.0,0.0,0.0,0.0,1.0,0.0
258,4,1,1.0,0.5,0.7152429453637557,0,0,1,1,0,0.7320508075688773,0.5773502691896258,0.0,1.0,0.0,0.0,0.0,1.0,0.0
7,3,1,1.0,0.5,0.15307853106085245,0,1,0,1,0,1.0,0.0,0.0,1.0,1.0,0.0,0.0,0.0,0.0
431,0,4,0.0,0.5,0.6906368552004749,1,0,0,0,1,0.0,1.0000000000000002,0.0,1.0,0.0,1.0,0.0,0.0,0.0
475,4,5,0.0,0.5,0.6759034975444584,0,1,0,1,0,0.7320508075688773,0.5773502691896258,0.0,1.0,0.0,0.0,0.0,1.0,0.0
629,3,5,1.0,0.0,0.6923632757334448,1,0,0,0,1,1.0,0.0,1.0,0.0,1.0,0.0,0.0,0.0,0.0
618,1,3,0.0,1.0,0.3753774602624067,0,0,1,1,0,0.0,1.0000000000000002,1.0,0.0,0.0,0.0,1.0,0.0,0.0
291,0,3,1.0,0.5,0.48156997212177854,0,0,1,1,0,0.7320508075688773,0.5773502691896258,0.0,1.0,0.0,1.0,0.0,0.0,0.0
476,0,3,0.0,0.0,0.9999999999999996,1,0,0,0,1,1.0,0.0,1.0,0.0,0.0,1.0,0.0,0.0,0.0
551,2,1,1.0,1.0,0.9648370867330036,1,0,0,0,1,0.0,1.0000000000000002,0.0,1.0,0.0,0.0,0.0,0.0,1.0
17,2,3,0.0,1.0,0.5022896570209991,1,0,0,0,1,0.7320508075688773,0.5773502691896258,1.0,0.0,0.0,0.0,0.0,0.0,1.0
838,3,1,1.0,1.0,0.9049902910809906,0,1,0,1,0,1.0,0.0,1.0,0.0,1.0,0.0,0.0,0.0,0.0
454,0,2,1.0,0.0,0.9241510360090257,0,1,0,1,0,0.0,1.0000000000000002,0.0,1.0,0.0,1.0,0.0,0.0,0.0
238,0,2,0.0,0.5,0.9566570412533832,0,1,0,1,0,0.7320508075688773,0.5773502691896258,1.0,0.0,0.0,1.0,0.0,0.0,0.0
367,3,5,0.0,0.0,0.20993620048233286,0,1,0,1,0,1.0,0.0,1.0,0.0,1.0,0.0,0.0,0.0,0.0
101,2,3,1.0,0.0,0.12208560652064104,1,0,0,0,1,0.0,1.0000000000000002,1.0,0.0,0.0,0.0,0.0,0.0,1.0
509,2,1,0.0,0.0,0.623849806587994,1,0,0,0,1,0.7320508075688773,0.5773502691896258,0.0,1.0,0.0,0.0,0.0,0.0,1.0
42,1,1,1.0,1.0,0.9985512804147105,0,0,1,1,0,1.0,0.0,1.0,0.0,0.0,0.0,1.0,0.0,0.0
112,4,5,0.0,1.0,0.6929087321867686,0,1,0,1,0,0.0,1.0000000000000002,0.0,1.0,0.0,0.0,0.0,1.0,0.0
262,0,2,1.0,1.0,0.3719814537539743,0,1,0,1,0,0.7320508075688773,0.5773502691896258,1.0,0.0,0.0,1.0,0.0,0.0,0.0
996,0,3,0.0,0.5,0.10311119758161569,0,0,1,1,0,1.0,0.0,0.0,1.0,0.0,1.0,0.0,0.0,0.0
662,2,1,1.0,0.5,0.7758431779455095,1,0,0,0,1,0.0,1.0000000000000002,1.0,0.0,0.0,0.0,0.0,0.0,1.0
872,0,1,0.0,0.5,0.7484207948590922,1,0,0,0,1,0.7320508075688773,0.5773502691896258,0.0,1.0,0.0,1.0,0.0,0.0,0.0
1,0,3,0.0,0.0,0.2611053866610784,0,1,0,1,0,1.0,0.0,1.0,0.0,0.0,1.0,0.0,0.0,0.0
174,3,2,0.0,0.5,0.6824596836232817,0,0,1,1,0,0.0,1.0000000000000002,0.0,1.0,1.0,0.0,0.0,0.0,0.0
518,2,3,1.0,1.0,0.2369984324703145,1,0,0,0,1,0.7320508075688773,0.5773502691896258,1.0,0.0,0.0,0.0,0.0,0.0,1.0
299,1,4,1.0,0.5,0.9051017862812816,1,0,0,0,1,1.0,0.0,1.0,0.0,0.0,0.0,1.0,0.0,0.0
651,4,1,1.0,0.0,0.8682058260167538,0,0,1,1,0,0.0,1.0000000000000002,0.0,1.0,0.0,0.0,0.0,1.0,0.0
226,3,5,1.0,0.5,0.9036095093450087,0,1,0,1,0,0.7320508075688773,0.5773502691896258,1.0,0.0,1.0,0.0,0.0,0.0,0.0
680,1,4,0.0,0.0,0.8917947214055775,1,0,0,0,1,1.0,0.0,0.0,1.0,0.0,0.0,1.0,0.0,0.0
177,4,5,1.0,0.5,0.37407638997027215,0,0,1,1,0,0.0,1.0000000000000002,0.0,1.0,0.0,0.0,0.0,1.0,0.0
706,4,2,1.0,0.0,0.47289093509866253,0,1,0,1,0,0.7320508075688773,0.5773502691896258,1.0,0.0,0.0,0.0,0.0,1.0,0.0
326,4,2,0.0,0.0,0.3028175212255255,1,0,0,0,1,1.0,0.0,1.0,0.0,0.0,0.0,0.0,1.0,0.0
599,3,5,0.0,0.0,0.4487129579808724,1,0,0,0,1,0.0,1.0000000000000002,1.0,0.0,1.0,0.0,0.0,0.0,0.0
452,4,1,1.0,0.5,0.3522701038192433,1,0,0,0,1,0.7320508075688773,0.5773502691896258,0.0,1.0,0.0,0.0,0.0,1.0,0.0
333,3,5,1.0,0.0,0.04727444842280759,0,0,1,1,0,1.0,0.0,1.0,0.0,1.0,0.0,0.0,0.0,0.0
195,1,4,0.0,1.0,0.4044651681408866,0,0,1,1,0,0.0,1.0000000000000002,0.0,1.0,0.0,0.0,1.0,0.0,0.0
813,4,2,0.0,1.0,0.1811513790592807,0,0,1,1,0,0.7320508075688773,0.5773502691896258,0.0,1.0,0.0,0.0,0.0,1.0,0.0
37,2,3,0.0,1.0,0.6194025271058101,0,1,0,1,0,1.0,0.0,0.0,1.0,0.0,0.0,0.0,0.0,1.0
169,0,1,1.0,1.0,0.5786229602240431,0,1,0,1,0,0.0,1.0000000000000002,1.0,0.0,0.0,1.0,0.0,0.0,0.0
924,0,1,0.0,0.5,0.3782011684996047,0,0,1,1,0,0.7320508075688773,0.5773502691896258,1.0,0.0,0.0,1.0,0.0,0.0,0.0
461,1,2,0.0,0.0,0.49953359984405,1,0,0,0,1,1.0,0.0,1.0,0.0,0.0,0.0,1.0,0.0,0.0
679,0,4,1.0,0.5,0.3688886251039656,0,1,0,1,0,0.0,1.0000000000000002,0.0,1.0,0.0,1.0,0.0,0.0,0.0
437,0,2,1.0,0.5,0.18626600799560222,1,0,0,0,1,0.7320508075688773,0.5773502691896258,0.0,1.0,0.0,1.0,0.0,0.0,0.0
681,1,2,0.0,1.0,0.9323092922009528,0,0,1,1,0,1.0,0.0,1.0,0.0,0.0,0.0,1.0,0.0,0.0
904,3,3,0.0,0.0,0.2742301045294586,0,1,0,1,0,0.0,1.0000000000000002,0.0,1.0,1.0,0.0,0.0,0.0,0.0
268,0,1,0.0,0.5,0.07014620283587947,0,1,0,1,0,0.7320508075688773,0.5773502691896258,1.0,0.0,0.0,1.0,0.0,0.0,0.0
923,1,1,1.0,1.0,0.7666316509355826,1,0,0,0,1,1.0,0.0,1.0,0.0,0.0,0.0,1.0,0.0,0.0
234,3,5,0.0,0.0,0.028130807797880575,0,0,1,1,0,0.0,1.0000000000000002,0.0,1.0,1.0,0.0,0.0,0.0,0.0
815,4,2,0.0,0.5,0.9655212603431207,1,0,0,0,1,0.7320508075688773,0.5773502691896258,0.0,1.0,0.0,0.0,0.0,1.0,0.0
325,4,4,0.0,1.0,0.5227798025272787,0,1,0,1,0,1.0,0.0,0.0,1.0,0.0,0.0,0.0,1.0,0.0
7,1,5,1.0,0.5,0.4094092565534253,0,1,0,1,0,0.0,1.0000000000000002,0.0,1.0,0.0,0.0,1.0,0.0,0.0
764,3,3,1.0,0.5,0.506371790388632,1,0,0,0,1,0.7320508075688773,0.5773502691896258,1.0,0.0,1.0,0.0,0.0,0.0,0.0
390,2,4,1.0,0.5,0.9951445336796954,0,0,1,1,0,1.0,0.0,0.0,1.0,0.0,0.0,0.0,0.0,1.0
706,2,1,1.0,0.0,0.4294470187295931,0,1,0,1,0,0.0,1.0000000000000002,1.0,0.0,0.0,0.0,0.0,0.0,1.0
132,0,2,1.0,1.0,0.012142047897673258,0,0,1,1,0,0.7320508075688773,0.5773502691896258,1.0,0.0,0.0,1.0,0.0,0.0,0.0
727,0,2,0.0,0.5,0.48156997212177854,0,1,0,1,0,1.0,0.0,1.0,0.0,0.0,1.0,0.0,0.0,0.0
897,2,2,0.0,1.0,0.7569579452400155,0,0,1,1,0,0.0,1.0000000000000002,1.0,0.0,0.0,0.0,0.0,0.0,1.0
376,1,2,1.0,0.0,0.14296200575606033,0,1,0,1,0,0.7320508075688773,0.5773502691896258,1.0,0.0,0.0,0.0,1.0,0.0,0.0
803,4,1,1.0,0.5,0.11729858476979471,1,0,0,0,1,1.0,0.0,1.0,0.0,0.0,0.0,0.0,1.0,0.0
672,4,3,1.0,0.0,0.9108182158223443,0,0,1,1,0,0.0,1.0000000000000002,1.0,0.0,0.0,0.0,0.0,1.0,0.0
550,1,3,0.0,0.0,0.03610192879730567,0,1,0,1,0,0.7320508075688773,0.5773502691896258,0.0,1.0,0.0,0.0,1.0,0.0,0.0
34,0,1,0.0,1.0,0.06454786071700669,0,1,0,1,0,1.0,0.0,1.0,0.0,0.0,1.0,0.0,0.0,0.0
445,1,2,1.0,0.5,0.26754796886688004,0,1,0,1,0,0.0,1.0000000000000002,1.0,0.0,0.0,0.0,1.0,0.0,0.0
497,1,1,1.0,0.5,0.8967856390049165,1,0,0,0,1,0.7320508075688773,0.5773502691896258,0.0,1.0,0.0,0.0,1.0,0.0,0.0
626,0,4,1.0,0.0,0.30998471386380766,1,0,0,0,1,1.0,0.0,0.0,1.0,0.0,1.0,0.0,0.0,0.0
619,4,1,0.0,0.0,0.5673559696567101,0,1,0,1,0,0.0,1.0000000000000002,0.0,1.0,0.0,0.0,0.0,1.0,0.0
755,2,2,1.0,1.0,0.8308602908040821,1,0,0,0,1,0.7320508075688773,0.5773502691896258,0.0,1.0,0.0,0.0,0.0,0.0,1.0
978,0,2,1.0,0.5,0.571845907484835,0,0,1,1,0,1.0,0.0,1.0,0.0,0.0,1.0,0.0,0.0,0.0
381,0,5,1.0,0.0,0.6691319851750959,0,0,1,1,0,0.0,1.0000000000000002,1.0,0.0,0.0,1.0,0.0,0.0,0.0
663,1,3,0.0,0.5,0.8432933643484977,0,0,1,1,0,0.7320508075688773,0.5773502691896258,0.0,1.0,0.0,0.0,1.0,0.0,0.0
234,0,1,0.0,0.0,0.6767507285936936,0,0,1,1,0,1.0,0.0,0.0,1.0,0.0,1.0,0.0,0.0,0.0
379,3,3,0.0,1.0,0.23431482790156144,0,1,0,1,0,0.0,1.0000000000000002,1.0,0.0,1.0,0.0,0.0,0.0,0.0
378,4,3,1.0,0.5,0.38780510833258797,0,0,1,1,0,0.7320508075688773,0.5773502691896258,1.0,0.0,0.0,0.0,0.0,1.0,0.0
345,2,4,0.0,0.0,0.9167736358262641,0,0,1,1,0,1.0,0.0,0.0,1.0,0.0,0.0,0.0,0.0,1.0
785,3,5,0.0,0.0,0.13390155366294776,1,0,0,0,1,0.0,1.0000000000000002,0.0,1.0,1.0,0.0,0.0,0.0,0.0
16,4,1,0.0,1.0,0.3310731789515109,0,1,0,1,0,0.7320508075688773,0.5773502691896258,1.0,0.0,0.0,0.0,0.0,1.0,0.0
302,2,2,0.0,1.0,0.13658254786497048,1,0,0,0,1,1.0,0.0,0.0,1.0,0.0,0.0,0.0,0.0,1.0
978,4,4,1.0,0.5,0.7594188740830536,0,0,1,1,0,0.0,1.0000000000000002,1.0,0.0,0.0,0.0,0.0,1.0,0.0
677,3,4,1.0,0.0,0.7961026844931758,1,0,0,0,1,0.7320508075688773,0.5773502691896258,0.0,1.0,1.0,0.0,0.0,0.0,0.0
734,2,5,1.0,0.0,0.09563637345295906,1,0,0,0,1,1.0,0.0,0.0,1.0,0.0,0.0,0.0,0.0,1.0
404,0,4,0.0,1.0,0.23337759805641456,1,0,0,0,1,0.0,1.0000000000000002,0.0,1.0,0.0,1.0,0.0,0.0,0.0
745,2,2,0.0,1.0,0.9836296251059742,0,1,0,1,0,0.7320508075688773,0.5773502691896258,1.0,0.0,0.0,0.0,0.0,0.0,1.0
351,4,1,1.0,1.0,0.32727844699966235,0,0,1,1,0,1.0,0.0,0.0,1.0,0.0,0.0,0.0,1.0,0.0
737,2,1,0.0,1.0,0.01111492550135429,1,0,0,0,1,0.0,1.0000000000000002,1.0,0.0,0.0,0.0,0.0,0.0,1.0
485,3,5,0.0,0.0,0.12137769209839222,1,0,0,0,1,0.7320508075688773,0.5773502691896258,1.0,0.0,1.0,0.0,0.0,0.0,0.0
377,3,2,1.0,0.0,0.5601973161547371,1,0,0,0,1,1.0,0.0,1.0,0.0,1.0,0.0,0.0,0.0,0.0
442,1,1,0.0,0.0,0.789709628851901,0,1,0,1,0,0.0,1.0000000000000002,1.0,0.0,0.0,0.0,1.0,0.0,0.0
636,3,3,1.0,1.0,0.6078485009513543,0,0,1,1,0,0.7320508075688773,0.5773502691896258,1.0,0.0,1.0,0.0,0.0,0.0,0.0
568,3,5,1.0,0.0,0.453884999241009,0,1,0,1,0,1.0,0.0,1.0,0.0,1.0,0.0,0.0,0.0,0.0
358,1,1,1.0,0.0,0.78592376890415,0,1,0,1,0,0.0,1.0000000000000002,1.0,0.0,0.0,0.0,1.0,0.0,0.0
271,0,2,1.0,0.5,0.37042959630018535,0,1,0,1,0,0.7320508075688773,0.5773502691896258,0.0,1.0,0.0,1.0,0.0,0.0,0.0
913,2,1,0.0,0.5,0.1543738855944281,0,1,0,1,0,1.0,0.0,0.0,1.0,0.0,0.0,0.0,0.0,1.0
411,2,5,1.0,1.0,0.21108822590211673,0,0,1,1,0,0.0,1.0000000000000002,0.0,1.0,0.0,0.0,0.0,0.0,1.0
364,0,4,1.0,1.0,0.12744051007684254,0,1,0,1,0,0.7320508075688773,0.5773502691896258,1.0,0.0,0.0,1.0,0.0,0.0,0.0
534,1,3,0.0,0.5,0.03610192879730567,0,0,1,1,0,1.0,0.0,1.0,0.0,0.0,0.0,1.0,0.0,0.0
380,0,3,1.0,0.0,0.17258829248232432,1,0,0,0,1,0.0,1.0000000000000002,0.0,1.0,0.0,1.0,0.0,0.0,0.0
225,2,5,1.0,0.0,0.24601757032766836,0,0,1,1,0,0.7320508075688773,0.5773502691896258,1.0,0.0,0.0,0.0,0.0,0.0,1.0
394,3,3,1.0,1.0,0.3700582882099712,0,1,0,1,0,1.0,0.0,1.0,0.0,1.0,0.0,0.0,0.0,0.0
859,3,1,1.0,0.5,0.30183897219510625,0,1,0,1,0,0.0,1.0000000000000002,0.0,1.0,1.0,0.0,0.0,0.0,0.0
797,4,4,0.0,0.0,0.746533900984057,1,0,0,0,1,0.7320508075688773,0.5773502691896258,1.0,0.0,0.0,0.0,0.0,1.0,0.0
565,4,5,1.0,0.5,0.49632542413303016,0,1,0,1,0,1.0,0.0,0.0,1.0,0.0,0.0,0.0,1.0,0.0
936,4,4,0.0,0.0,0.7344472167803597,0,0,1,1,0,0.0,1.0000000000000002,0.0,1.0,0.0,0.0,0.0,1.0,0.0
574,4,2,0.0,1.0,0.35178574725238887,0,1,0,1,0,0.7320508075688773,0.5773502691896258,0.0,1.0,0.0,0.0,0.0,1.0,0.0
497,2,2,1.0,0.5,0.01111492550135429,1,0,0,0,1,1.0,0.0,0.0,1.0,0.0,0.0,0.0,0.0,1.0
352,4,2,0.0,0.0,0.29027494921541264,0,1,0,1,0,0.0,1.0000000000000002,1.0,0.0,0.0,0.0,0.0,1.0,0.0
308,4,3,1.0,1.0,0.3872363170013462,1,0,0,0,1,0.7320508075688773,0.5773502691896258,1.0,0.0,0.0,0.0,0.0,1.0,0.0
240,3,1,0.0,1.0,0.6886910853874642,0,0,1,1,0,1.0,0.0,1.0,0.0,1.0,0.0,0.0,0.0,0.0
260,0,1,0.0,0.0,0.8222118397677138,1,0,0,0,1,0.0,1.0000000000000002,1.0,0.0,0.0,1.0,0.0,0.0,0.0
799,3,3,0.0,1.0,0.028130807797880575,0,1,0,1,0,0.7320508075688773,0.5773502691896258,1.0,0.0,1.0,0.0,0.0,0.0,0.0
711,3,5,1.0,0.5,0.4347418394887632,0,0,1,1,0,1.0,0.0,0.0,1.0,1.0,0.0,0.0,0.0,0.0
913,4,3,0.0,0.5,0.3396245141470149,0,1,0,1,0,0.0,1.0000000000000002,0.0,1.0,0.0,0.0,0.0,1.0,0.0
340,3,2,0.0,0.0,0.8302112535966866,0,1,0,1,0,0.7320508075688773,0.5773502691896258,1.0,0.0,1.0,0.0,0.0,0.0,0.0
679,0,1,1.0,0.5,0.3924160793611189,0,1,0,1,0,1.0,0.0,0.0,1.0,0.0,1.0,0.0,0.0,0.0
474,2,5,1.0,1.0,0.8409331119570775,0,0,1,1,0,0.0,1.0000000000000002,0.0,1.0,0.0,0.0,0.0,0.0,1.0
283,3,3,0.0,0.5,0.5242903420955156,0,1,0,1,0,0.7320508075688773,0.5773502691896258,1.0,0.0,1.0,0.0,0.0,0.0,0.0
379,4,2,0.0,1.0,0.44339249797223035,0,1,0,1,0,1.0,0.0,1.0,0.0,0.0,0.0,0.0,1.0,0.0
968,1,2,0.0,1.0,0.21472877082410857,1,0,0,0,1,0.0,1.0000000000000002,1.0,0.0,0.0,0.0,1.0,0.0,0.0
740,0,3,0.0,0.5,0.6607892260343244,1,0,0,0,1,0.7320508075688773,0.5773502691896258,1.0,0.0,0.0,1.0,0.0,0.0,0.0
655,3,5,0.0,0.5,0.343312275934299,0,1,0,1,0,1.0,0.0,1.0,0.0,1.0,0.0,0.0,0.0,0.0
40,2,5,0.0,0.5,0.46979176803713996,0,1,0,1,0,0.0,1.0000000000000002,0.0,1.0,0.0,0.0,0.0,0.0,1.0
750,3,3,0.0,1.0,0.26671765992522056,0,0,1,1,0,0.7320508075688773,0.5773502691896258,0.0,1.0,1.0,0.0,0.0,0.0,0.0
752,2,3,0.0,1.0,0.7890511142672074,1,0,0,0,1,1.0,0.0,0.0,1.0,0.0,0.0,0.0,0.0,1.0
934,0,1,1.0,1.0,0.3719814537539743,0,1,0,1,0,0.0,1.0000000000000002,1.0,0.0,0.0,1.0,0.0,0.0,0.0
592,4,5,1.0,0.5,0.7011410806766132,0,1,0,1,0,0.7320508075688773,0.5773502691896258,1.0,0.0,0.0,0.0,0.0,1.0,0.0
322,2,3,1.0,0.0,0.25661029571786687,0,1,0,1,0,1.0,0.0,1.0,0.0,0.0,0.0,0.0,0.0,1.0
627,2,2,1.0,0.0,0.8823009262110744,0,0,1,1,0,0.0,1.0000000000000002,0.0,1.0,0.0,0.0,0.0,0.0,1.0
99,0,4,1.0,0.0,0.6867390022334336,0,0,1,1,0,0.7320508075688773,0.5773502691896258,0.0,1.0,0.0,1.0,0.0,0.0,0.0
135,1,4,0.0,1.0,0.44163879232248116,0,0,1,1,0,1.0,0.0,1.0,0.0,0.0,0.0,1.0,0.0,0.0
199,4,3,0.0,0.0,0.8065733562128057,0,1,0,1,0,0.0,1.0000000000000002,0.0,1.0,0.0,0.0,0.0,1.0,0.0
326,3,1,0.0,0.0,0.4702276380752024,1,0,0,0,1,0.7320508075688773,0.5773502691896258,1.0,0.0,1.0,0.0,0.0,0.0,0.0
286,0,2,1.0,1.0,0.4584385381293514,0,1,0,1,0,1.0,0.0,0.0,1.0,0.0,1.0,0.0,0.0,0.0
50,2,2,1.0,0.0,0.2873800798127326,1,0,0,0,1,0.0,1.0000000000000002,1.0,0.0,0.0,0.0,0.0,0.0,1.0
76,2,5,1.0,0.0,0.40896602908151225,0,1,0,1,0,0.7320508075688773,0.5773502691896258,1.0,0.0,0.0,0.0,0.0,0.0,1.0
843,4,1,1.0,0.0,0.10452869297973866,0,0,1,1,0,1.0,0.0,0.0,1.0,0.0,0.0,0.0,1.0,0.0
564,1,2,1.0,0.0,0.25512464820971426,0,0,1,1,0,0.0,1.0000000000000002,0.0,1.0,0.0,0.0,1.0,0.0,0.0
684,0,2,0.0,0.0,0.04838306542002124,0,0,1,1,0,0.7320508075688773,0.5773502691896258,0.0,1.0,0.0,1.0,0.0,0.0,0.0
968,0,5,0.0,1.0,0.8436083320733929,1,0,0,0,1,1.0,0.0,1.0,0.0,0.0,1.0,0.0,0.0,0.0
978,3,1,1.0,0.5,0.23431482790156144,0,0,1,1,0,0.0,1.0000000000000002,1.0,0.0,1.0,0.0,0.0,0.0,0.0
704,0,1,1.0,1.0,0.9022180145273597,1,0,0,0,1,0.7320508075688773,0.5773502691896258,0.0,1.0,0.0,1.0,0.0,0.0,0.0
734,3,4,1.0,0.0,0.1707369312637308,1,0,0,0,1,1.0,0.0,0.0,1.0,1.0,0.0,0.0,0.0,0.0
589,3,1,1.0,1.0,0.7148772255192335,0,1,0,1,0,0.0,1.0000000000000002,0.0,1.0,1.0,0.0,0.0,0.0,0.0
129,3,3,1.0,0.5,0.5081675083161321,0,0,1,1,0,0.7320508075688773,0.5773502691896258,0.0,1.0,1.0,0.0,0.0,0.0,0.0
634,2,3,1.0,1.0,0.16423875973034363,0,1,0,1,0,1.0,0.0,0.0,1.0,0.0,0.0,0.0,0.0,1.0
831,1,1,1.0,1.0,0.5977742337773431,0,0,1,1,0,0.0,1.0000000000000002,1.0,0.0,0.0,0.0,1.0,0.0,0.0
959,3,4,0.0,0.5,0.20993620048233286,1,0,0,0,1,0.7320508075688773,0.5773502691896258,0.0,1.0,1.0,0.0,0.0,0.0,0.0
538,3,5,1.0,0.5,0.213569690231453,0,1,0,1,0,1.0,0.0,1.0,0.0,1.0,0.0,0.0,0.0,0.0
